id,gesture,vectors
1,uncategorized,{"[0.5639041,-0.08247232,-0.82171196]","[0.64538175,-0.7359921,-0.20444565]","[0.41052157,-0.89493304,-0.17483383]","[0.15741383,-0.9586745,-0.23698959]","[-0.14139694,-0.9375036,-0.31795275]","[0.75585204,-0.49852443,-0.42445388]","[0.40886664,-0.855696,0.3171946]","[-0.019430406,-0.8970374,-0.44152734]","[0.1615373,-0.9847412,0.06473331]","[-0.82543975,-0.5148912,-0.23137905]","[-0.0617679,0.265471,0.9621382]","[0.47673705,0.74153596,0.4720659]","[0.33659697,-0.2905964,-0.8956876]","[-0.93298674,-0.3273741,0.149539]","[-0.36857942,0.8107007,-0.45487756]","[-0.9658849,-0.1989235,0.16581841]","[-0.97299325,0.163749,-0.1626974]","[-0.7801177,0.2399697,0.5777811]","[-0.4976005,-0.047422998,0.866109]","[0.3077201,-0.2321505,-0.92272127]","[-0.9781752,-0.076306075,-0.19326296]","[-0.20192353,0.97905564,0.026018472]","[-0.8762264,0.13921791,-0.46135202]","[-0.40969947,-0.49161676,0.7684135]","[-0.9889095,0.11287277,0.09652873]","[-0.8228737,0.20466705,0.53008515]","[0.19364001,-0.08515264,-0.97737026]","[-0.9617892,0.028469203,-0.27230698]","[-0.050416943,0.88994324,0.453276]","[-0.84826624,0.18727025,0.49535263]","[-0.27989826,-0.16259865,0.94615996]","[-0.8371534,-0.25753862,0.48254335]","[-0.9411527,-0.13649286,0.30919468]","[0.40516388,-0.01369874,-0.9141414]","[0.063131794,0.84223723,0.5353979]","[-0.3311311,-0.054194644,0.94202715]"}
2,uncategorized,{"[-0.76678014,-0.39727816,-0.50420064]","[-0.3559135,-0.9061172,0.22864197]","[-0.14110795,-0.98506564,0.098662436]","[0.11595563,-0.97196144,-0.20456119]","[0.35899776,-0.79466534,-0.48951772]","[-0.6411374,-0.72563624,-0.24978964]","[0.046912763,-0.8191929,0.5715962]","[-0.023822833,-0.86454993,-0.501982]","[0.2723298,-0.96171886,0.030549757]","[0.7373998,-0.6429401,-0.20704961]","[0.84563327,0.44308048,-0.29763073]","[0.09549891,0.93423647,-0.34363085]","[-0.28900963,-0.23157133,-0.9288962]","[0.8534688,0.020972237,-0.5207218]","[0.026082253,0.7720289,-0.635052]","[0.73667765,-0.01570272,-0.67606175]","[0.59385,0.07694621,-0.8008879]","[0.9729695,0.20295262,0.11018475]","[0.58868086,0.011872771,0.8082784]","[-0.2683857,-0.22478803,-0.9367174]","[0.64569646,0.10041219,-0.7569633]","[-0.051900085,0.9962757,-0.068855524]","[0.64585656,0.062645756,-0.7608842]","[0.5145173,-0.13200592,0.84725815]","[0.9632771,0.008133072,0.26838604]","[0.6106045,0.026860258,0.79148006]","[-0.27571303,-0.24495615,-0.9295046]","[0.6318016,0.14637645,-0.76118374]","[-0.07437652,0.7346553,0.67435133]","[0.9115796,0.28891155,0.29249403]","[0.27072898,-0.04337286,0.961678]","[0.94520813,-0.0915729,0.31336248]","[0.99000525,0.12642018,-0.06251016]","[-0.54589635,-0.42694914,-0.72091025]","[-0.20241834,0.5976523,0.7757825]","[0.2716104,0.08964294,0.95822334]"}
3,uncategorized,{"[0.70791644,-0.38425672,-0.5926222]","[0.14234014,-0.61400884,-0.7763585]","[-0.049127627,-0.62109005,-0.78219795]","[-0.21880814,-0.5844126,-0.78139937]","[-0.3665306,-0.51510936,-0.77480173]","[0.4844191,-0.45440537,-0.7475653]","[-0.16013385,-0.63783216,-0.75334406]","[0.4275887,-0.5593115,-0.710168]","[-0.27986032,-0.7210834,-0.6338114]","[0.49826622,-0.3511469,-0.79273367]","[-0.40920743,-0.7455318,-0.52605283]","[-0.54538864,-0.7686581,-0.33423936]","[0.12063309,-0.76595646,-0.6314731]","[-0.99633574,-0.06061121,-0.060343668]","[0.092749916,-0.83982193,-0.53488]","[-0.9902394,-0.13929985,0.004637214]","[0.098057516,-0.8764921,-0.471324]","[-0.98073554,-0.1938284,0.024255386]","[-0.9821641,-0.18663904,-0.022793528]","[-0.04192508,-0.8080881,-0.58756775]","[-0.95583254,0.27859107,0.093654685]","[-0.09792829,-0.87736434,-0.46972528]","[-0.91789675,0.36618304,0.15289067]","[-0.11421243,-0.8420989,-0.527091]","[-0.887052,0.43400308,-0.15741694]","[-0.8216642,0.45980725,-0.33681637]","[-0.16346803,-0.7889607,-0.59229994]","[-0.8426058,0.5107891,0.17061625]","[-0.09328134,-0.71143407,-0.6965344]","[-0.7188585,0.69071496,0.07845586]","[-0.047512982,-0.70780236,-0.70481086]","[-0.6841576,0.7112212,0.1615324]","[-0.6907498,0.67898536,0.24868354]","[-0.39483532,-0.5832573,-0.7098704]","[-0.3635832,-0.5916669,-0.7195398]","[-0.3632789,-0.71604735,-0.59607434]"}
4,uncategorized,{"[-0.76416963,-0.31398007,-0.56343704]","[-0.33167964,-0.90741,-0.2580613]","[-0.06301176,-0.902536,-0.4259792]","[0.16527222,-0.77267337,-0.6129119]","[0.32958338,-0.5602477,-0.75993246]","[-0.60791636,-0.74427116,-0.276583]","[0.09894565,-0.99358064,0.05483843]","[-0.48822245,-0.78905314,-0.3728726]","[0.31549555,-0.92692775,-0.20314398]","[-0.67276734,-0.566382,-0.47602051]","[0.38862616,-0.837876,-0.383319]","[0.46630433,-0.76730937,-0.4402233]","[-0.113565125,-0.72045976,-0.684135]","[0.827134,-0.06495033,-0.558239]","[-0.10698364,-0.60358137,-0.79009116]","[0.8914757,-0.17690046,-0.41710597]","[-0.09568703,-0.6189796,-0.77955645]","[0.85832167,-0.25618502,-0.44458196]","[0.85077864,-0.3075298,-0.42614686]","[0.0006994276,-0.7939184,-0.60802394]","[0.70420355,0.22500175,-0.673403]","[-0.0218605,-0.63216484,-0.77452546]","[0.70046026,0.18798985,-0.68848765]","[-0.03286454,-0.6699145,-0.74171054]","[0.748228,0.21648972,-0.627126]","[0.78834665,0.20779,-0.57907933]","[0.18848722,-0.66240823,-0.72504336]","[0.5889344,0.4366661,-0.68005806]","[0.15457144,-0.5695675,-0.8072797]","[0.5865121,0.55812514,-0.5869411]","[0.1333855,-0.66607547,-0.73386085]","[0.6579508,0.6393558,-0.39790064]","[0.70731777,0.66680115,-0.2346866]","[0.3674726,-0.4018565,-0.8387343]","[0.38859376,-0.5280815,-0.75506616]","[0.40857238,-0.68326896,-0.60515463]"}
5,uncategorized,{"[-0.8165761,-0.49433273,0.2980581]","[-0.2640071,-0.8840388,-0.3857144]","[0.011837676,-0.8263801,-0.56298834]","[0.23743165,-0.69752014,-0.67608565]","[0.40317473,-0.54192936,-0.7374027]","[-0.55444413,-0.83218336,0.007909216]","[0.11520796,-0.78380716,-0.6102241]","[-0.5509984,-0.8343621,-0.015513808]","[0.11187006,-0.69253886,-0.7126535]","[-0.88476956,-0.39151257,-0.2527859]","[0.13559861,-0.64341503,-0.7534123]","[0.21204619,-0.6573932,-0.72309786]","[-0.2759602,-0.76463866,-0.5823862]","[0.76286536,-0.06838558,-0.6429306]","[-0.24999455,-0.79232043,-0.5565349]","[0.8296963,-0.23281191,-0.50734866]","[-0.24231495,-0.8237687,-0.5125316]","[0.8060423,-0.28566858,-0.51835245]","[0.7926148,-0.32361203,-0.51675624]","[-0.14428279,-0.85095525,-0.5050323]","[0.7966063,0.19819504,-0.57108414]","[-0.12729636,-0.80246556,-0.58296204]","[0.7655833,0.23431586,-0.59914804]","[-0.12282941,-0.84054613,-0.52763164]","[0.6756721,0.2133628,-0.7056511]","[0.636474,0.210203,-0.7421021]","[0.043849483,-0.74370897,-0.66706383]","[0.7691153,0.43589827,-0.46739092]","[-0.013135758,-0.6208858,-0.783791]","[0.7846305,0.5478731,-0.2901553]","[-0.02874409,-0.6978763,-0.71564126]","[0.80207986,0.59418625,-0.06008815]","[0.8098624,0.5843148,0.05195342]","[0.45708093,-0.45667866,-0.76323104]","[0.47054142,-0.46640566,-0.7490371]","[0.576468,-0.5681156,-0.5873068]"}
6,uncategorized,{"[0.5204191,-0.18136731,-0.83442783]","[0.18259884,-0.61153036,-0.7698625]","[-0.011422179,-0.6830802,-0.73025405]","[-0.19506758,-0.69240826,-0.6946362]","[-0.3497137,-0.6462459,-0.6782821]","[0.47063792,-0.37793365,-0.7972867]","[-0.15170239,-0.83460575,-0.52954656]","[0.45307055,-0.46566495,-0.7601863]","[-0.27706012,-0.8884867,-0.36582664]","[0.5614824,-0.13140875,-0.8169879]","[-0.4071897,-0.8811376,-0.24040197]","[-0.50432754,-0.86138725,-0.060545027]","[0.19171801,-0.72830015,-0.65789294]","[-0.90508515,-0.12972665,0.40495908]","[0.129906,-0.741229,-0.65856206]","[-0.88043135,-0.17636959,0.4401527]","[0.13218775,-0.7665649,-0.6284144]","[-0.863563,-0.21091746,0.4580096]","[-0.86901766,-0.2031206,0.4511655]","[0.03340979,-0.81697303,-0.57570726]","[-0.8774867,0.20211373,0.43493348]","[-0.016741179,-0.8299458,-0.55759275]","[-0.8553666,0.26313406,0.44621575]","[-0.04476489,-0.81879246,-0.5723417]","[-0.91887206,0.3537893,0.17466326]","[-0.9178685,0.3968544,0.0048984117]","[-0.10601847,-0.8272817,-0.5516929]","[-0.75496495,0.5368241,0.37662682]","[-0.118527025,-0.66473216,-0.7376195]","[-0.64351535,0.74274045,0.18499897]","[-0.10075486,-0.6732997,-0.73247254]","[-0.60400724,0.75985277,0.24041422]","[-0.60241413,0.7429446,0.29177132]","[-0.39762032,-0.57924336,-0.7116004]","[-0.37845865,-0.4983196,-0.7800299]","[-0.40164813,-0.58531046,-0.7043369]"}
7,uncategorized,{"[0.9461507,-0.2906242,-0.14260562]","[0.5093309,-0.839747,-0.18816744]","[0.24367024,-0.9678771,0.061957948]","[-0.021990152,-0.9366548,0.34956288]","[-0.17509554,-0.7849419,0.59431285]","[0.79783267,-0.56204456,0.21810302]","[-0.03196285,-0.98697096,-0.15769188]","[0.586254,-0.5701798,0.57550085]","[-0.41643837,-0.90005124,-0.12840122]","[0.3082395,-0.35926017,0.88086355]","[-0.61259747,-0.7838972,-0.10114111]","[-0.7512367,-0.63956285,-0.16310357]","[0.08524724,-0.9700771,0.2273396]","[-0.75849414,-0.10278131,0.6435236]","[0.23912586,-0.33224615,0.91237676]","[-0.6190284,-0.21845253,0.75437546]","[0.087202184,0.07978366,0.9929906]","[-0.45545503,-0.24704514,0.85529494]","[-0.38581136,-0.24437658,0.88962334]","[0.057557378,-0.9144193,0.40065503]","[-0.67579967,0.074584186,0.7333021]","[0.30254814,-0.30858323,0.9017988]","[-0.7399453,0.2461292,0.62602025]","[0.14704464,0.046973024,0.98801386]","[-0.79093534,0.2638644,0.55208415]","[-0.83495754,0.22630638,0.5016287]","[-0.049662072,-0.89903945,0.43504223]","[-0.4798129,0.24913664,0.8412553]","[0.2610562,-0.31371063,0.9129268]","[-0.44139123,0.5637973,0.6980733]","[0.17848392,-0.01914067,0.98375666]","[-0.6004489,0.5953164,0.5339096]","[-0.73435843,0.48758757,0.47220337]","[-0.13325895,-0.7804712,0.61082464]","[0.15833181,-0.41308796,0.8968218]","[0.090194,-0.22629452,0.96987414]"}
8,uncategorized,{"[-0.70127344,-0.70373005,-0.11392818]","[-0.004563635,-0.96667707,0.25595826]","[0.19145639,-0.9803519,0.047482677]","[0.37921858,-0.88463783,-0.27131003]","[0.5068456,-0.6701754,-0.54219234]","[-0.5299602,-0.80042195,-0.28011936]","[0.3672573,-0.8471408,0.38402414]","[-0.10330881,-0.761034,-0.6404331]","[0.40149975,-0.9133152,-0.06821571]","[0.70305204,-0.5451898,-0.45660257]","[0.9794707,0.20017672,-0.023799831]","[0.38659316,0.8896476,0.24304906]","[-0.52894324,-0.20624205,-0.8232152]","[0.65285003,0.14426519,-0.7436225]","[-0.11561143,0.8366554,-0.53538936]","[0.38623196,0.13891408,-0.91188145]","[0.82679427,0.29723093,-0.47756153]","[0.5995003,0.5900938,-0.54072976]","[0.72173506,0.34133837,0.6021517]","[-0.5478821,-0.17049904,-0.8189965]","[0.5020369,0.21409002,-0.83792865]","[-0.1585035,0.9858476,0.054599535]","[0.49401554,0.237209,-0.8364691]","[0.70443445,0.039926495,0.70864516]","[0.91163504,0.2964931,-0.2846285]","[0.7883527,0.21072657,0.57800895]","[-0.5530031,-0.1575796,-0.818142]","[0.46453694,0.32168096,-0.8250617]","[-0.15376689,0.73691887,0.6582601]","[0.9268778,0.3441634,-0.14983019]","[0.4220737,-0.0048769037,0.9065484]","[0.92801225,-0.05119774,-0.36901498]","[0.7066289,0.14663152,-0.6922245]","[-0.72983164,-0.34037587,-0.59286594]","[-0.29622313,0.6356733,0.71286136]","[0.41577956,0.1618854,0.8949416]"}
9,uncategorized,{"[0.9137981,-0.38005045,0.14329925]","[0.27766088,-0.668455,-0.68998]","[0.049459923,-0.6360819,-0.7700348]","[-0.14055744,-0.5726431,-0.80766547]","[-0.2963648,-0.47479928,-0.82869387]","[0.5944887,-0.63610023,-0.49189404]","[-0.045050133,-0.58590734,-0.8091249]","[0.4722304,-0.68942493,-0.54926467]","[-0.26240057,-0.6408864,-0.72139484]","[0.7969499,-0.36035758,-0.4847816]","[-0.49547407,-0.5519451,-0.6707176]","[-0.7811496,-0.3880465,-0.48910648]","[-0.1648499,-0.8490801,-0.5018839]","[-0.8804918,-0.007014736,-0.47400945]","[-0.16428825,0.58855253,0.79159033]","[-0.83597744,-0.17119865,-0.5213759]","[0.08875222,0.68331265,0.7247116]","[-0.9550005,-0.12541297,0.26878542]","[-0.7000909,-0.0898514,0.7083781]","[-0.10893617,-0.87135196,-0.47841266]","[-0.9297965,0.22573039,-0.29073054]","[0.07342834,0.30875868,0.94830185]","[-0.8741217,0.45516965,0.16950455]","[0.07351431,0.4657656,0.8818492]","[-0.5437082,0.32887408,0.7721549]","[-0.4201325,0.20919101,0.88302195]","[-0.07326205,-0.9405761,-0.331586]","[-0.8575276,0.47964114,-0.18598597]","[0.08853406,0.18908294,0.97796184]","[-0.59167224,0.6928429,0.41218036]","[0.06340339,0.31166518,0.9480743]","[-0.6723201,0.6322738,0.38498765]","[-0.6997917,0.57654095,0.4217725]","[0.013724811,-0.9998876,0.006034608]","[0.11735947,0.105197154,0.98750204]","[0.0807503,0.26262748,0.96151245]"}
10,uncategorized,{"[-0.9699014,-0.18742947,-0.15543962]","[-0.4155009,-0.56503356,-0.7128086]","[-0.12328222,-0.67412376,-0.72825724]","[0.1554059,-0.7273191,-0.6684728]","[0.42143658,-0.7079946,-0.5666877]","[-0.7091421,-0.6828858,-0.175455]","[0.084571175,-0.59395033,-0.8000442]","[0.2924988,-0.9526649,0.082909875]","[0.3776235,-0.64493424,-0.6644248]","[0.76211953,-0.5109439,0.3976306]","[0.34073824,-0.5337583,-0.7739506]","[0.03156423,-0.17513894,-0.98403764]","[0.15265693,-0.9755037,-0.15839338]","[0.97390026,-0.13247456,0.18430619]","[-0.3853742,0.3138086,0.867762]","[0.93282676,-0.31906265,-0.16743143]","[-0.06103168,0.55516577,0.8294975]","[0.9299616,-0.36764762,0.0025782418]","[0.8513946,-0.39061227,0.3500705]","[0.0012357108,-0.93184406,-0.3628569]","[0.8953885,0.0745498,0.43900084]","[-0.4376104,0.2607415,0.8605295]","[0.6800708,0.2398026,0.6928192]","[-0.11023717,0.4193186,0.9011214]","[0.6210065,0.1820807,0.76236314]","[0.62468517,0.12827048,0.7702695]","[-0.023876937,-0.9910953,-0.13099624]","[0.77097577,0.3171032,0.552306]","[-0.34273168,0.19501054,0.91897]","[0.46217155,0.49965072,0.73262995]","[-0.12011725,0.36061305,0.9249487]","[0.5636065,0.43693772,0.7010229]","[0.66852003,0.36528105,0.6478045]","[-0.0663258,-0.93148994,0.35766944]","[-0.3384413,0.094404295,0.93623996]","[-0.06995726,0.2937094,0.9533314]"}
11,uncategorized,{"[-0.7502423,-0.029703943,-0.66049546]","[-0.47329503,-0.79395926,-0.38160253]","[-0.18349567,-0.90234965,-0.38999286]","[0.119738765,-0.8845192,-0.4508751]","[0.41853455,-0.7438306,-0.5210997]","[-0.5044702,-0.7688922,-0.3928289]","[-0.07735617,-0.99673486,-0.023143448]","[0.6464933,-0.6601775,-0.3823768]","[0.22083493,-0.93027705,-0.29294467]","[0.9481187,-0.18741626,-0.2567997]","[-0.19729628,-0.7993292,-0.56758]","[-0.70782584,-0.43303165,-0.5580915]","[0.020611532,-0.61714005,-0.7865833]","[0.9772899,-0.20891815,0.035462864]","[-0.24859074,-0.12478699,-0.9605368]","[0.92983776,-0.36757824,0.016968636]","[-0.025096744,0.5921405,-0.8054439]","[0.9402352,-0.26178464,0.21777637]","[0.8893774,-0.10902275,0.44398403]","[0.041566614,-0.677866,-0.7340095]","[0.9772667,0.14580268,-0.15391971]","[-0.41649574,0.029396733,-0.90866226]","[0.99027413,0.10417513,-0.09222068]","[-0.11108584,0.859227,-0.49938855]","[0.9836727,0.17892925,0.019297216]","[0.96547943,0.219694,0.13994274]","[0.22269464,-0.67163277,-0.7066233]","[0.8973881,0.37522483,-0.23216568]","[-0.54376864,0.1501247,-0.8256987]","[0.8154723,0.5583945,-0.15231708]","[-0.39961445,0.8663731,-0.29950953]","[0.8493286,0.51167685,-0.12972207]","[0.85370874,0.49211484,-0.17030653]","[0.3919306,-0.4977449,-0.7737186]","[-0.53705287,0.052902523,-0.84188807]","[-0.6385592,0.68922174,-0.34236744]"}
12,uncategorized,{"[-0.6412247,-0.1807959,-0.7457505]","[-0.3341967,-0.9290962,-0.15840703]","[-0.11552758,-0.96004826,-0.254874]","[0.0874645,-0.90513515,-0.41602924]","[0.2653529,-0.76202255,-0.59068555]","[-0.6095112,-0.56211936,-0.55903304]","[0.0014276251,-0.9635485,0.2675299]","[-0.58124346,-0.43147704,-0.68991566]","[0.35445604,-0.93296653,0.06272463]","[-0.63161343,-0.12730272,-0.76476043]","[0.60071075,-0.7982476,-0.044129115]","[0.8000163,-0.5999714,0.002877768]","[0.10539289,-0.626012,-0.7726586]","[0.91307926,-0.10294847,-0.39457297]","[-0.017205374,-0.113473125,-0.99339205]","[0.70740443,-0.4325905,-0.5589673]","[-0.07229584,0.5178179,-0.8524306]","[0.6957869,-0.16956873,-0.6979449]","[0.7278165,0.091858424,-0.6795919]","[0.075195365,-0.6674405,-0.7408568]","[0.76575625,0.18860552,-0.61485386]","[-0.031103002,0.07782746,-0.99648154]","[0.8554797,0.46155348,-0.23478256]","[-0.06583758,0.7063879,-0.70475644]","[0.7904005,0.43830794,0.427964]","[0.6282923,0.30968595,0.713683]","[0.09622995,-0.6992367,-0.708384]","[0.639792,0.3517814,-0.68331254]","[-0.05338379,0.13470729,-0.98944634]","[0.6240636,0.7017468,-0.34365106]","[-0.12968187,0.8787088,-0.45940554]","[0.7669539,0.62631446,0.1396852]","[0.8421312,0.38137382,0.38127297]","[0.08056818,-0.7252406,-0.6837652]","[-0.06795167,-0.083889134,-0.9941555]","[-0.19260481,0.9065407,-0.37561598]"}
13,uncategorized,{"[-0.5133865,-0.54648596,0.661655]","[0.015544454,-0.99000806,-0.14015152]","[0.35033152,-0.86247844,-0.36523795]","[0.5835474,-0.650617,-0.48597318]","[0.73201805,-0.43743083,-0.52230626]","[0.024072403,-0.84214115,0.5387196]","[0.34645587,-0.73834294,-0.5786346]","[-0.016818982,-0.79576653,0.60537]","[0.21422954,-0.6711634,-0.7096798]","[-0.7566423,-0.42976815,0.49273902]","[0.16788569,-0.6312547,-0.7571869]","[0.22213443,-0.6266983,-0.7469307]","[-0.03442312,-0.9056447,-0.42263776]","[0.81249017,0.1140091,-0.57171816]","[-0.057604656,-0.94370306,-0.3257396]","[0.89413273,-0.08381374,-0.43988854]","[-0.12735832,-0.97086436,-0.20298336]","[0.9028538,-0.14870684,-0.40341213]","[0.8899195,-0.23461765,-0.3911494]","[0.09917385,-0.9433336,-0.31668004]","[0.81514126,0.31061313,-0.48894194]","[0.09630098,-0.9475392,-0.30478773]","[0.8181483,0.28325173,-0.5004016]","[0.039241,-0.97632486,-0.21272032]","[0.7359974,0.26567203,-0.6226767]","[0.70331216,0.26394022,-0.66006637]","[0.30942392,-0.8432707,-0.4394899]","[0.79432005,0.5024294,-0.3414972]","[0.14854747,-0.79947066,-0.5820484]","[0.6690843,0.6997971,-0.25022027]","[0.1389472,-0.8825921,-0.44913796]","[0.6735126,0.7268773,-0.1342769]","[0.69793034,0.7120417,-0.07674583]","[0.62770915,-0.5085223,-0.58939487]","[0.56816363,-0.57185405,-0.59175414]","[0.61781406,-0.6863473,-0.38370967]"}
14,uncategorized,{"[0.7710558,0.030481113,-0.6360376]","[0.7986027,-0.5944052,-0.09442561]","[0.6319945,-0.7550441,-0.17461792]","[0.39502192,-0.84244657,-0.36638972]","[0.055244297,-0.80647236,-0.58868533]","[0.83941966,-0.5038882,-0.20364517]","[0.5099502,-0.7992422,0.3180608]","[-0.32465062,-0.8405238,-0.4337301]","[0.26378474,-0.94660497,-0.1853556]","[-0.9713207,-0.10341285,-0.21410732]","[0.5521743,-0.57883954,-0.60004026]","[0.7989955,-0.19694725,-0.5681708]","[0.304617,-0.49869508,-0.8114874]","[-0.9291761,-0.28661287,-0.23341982]","[0.17390007,0.2680074,-0.9475921]","[-0.88165087,-0.4706162,0.034816407]","[-0.40948266,0.72474754,-0.5541344]","[-0.8115761,-0.39214957,0.4330853]","[-0.6688407,-0.26483458,0.6946328]","[0.27458212,-0.640203,-0.7174571]","[-0.8644668,-0.033641387,-0.501563]","[0.3241883,0.44754484,-0.83343]","[-0.9585595,0.057382766,-0.2790536]","[-0.3718809,0.9194723,-0.12757494]","[-0.98128724,0.031324413,0.18998465]","[-0.8490078,-0.053136643,0.52570176]","[0.2043558,-0.6762774,-0.70773417]","[-0.82770073,0.06769894,-0.5570712]","[0.5990386,0.62470216,-0.50089914]","[-0.88896126,0.36324826,-0.27892405]","[-0.18843079,0.92531604,0.32906538]","[-0.9777842,0.16842078,-0.12478968]","[-0.98496306,-0.029647946,-0.17020224]","[0.19833063,-0.6511249,-0.732599]","[0.9061646,0.3257718,-0.26970062]","[0.1342165,0.8869427,0.44194868]"}
15,uncategorized,{"[-0.77691674,-0.4400924,0.4502433]","[-0.61909074,-0.69536084,-0.36496562]","[-0.3237021,-0.7674318,-0.5534125]","[0.008298345,-0.76439244,-0.64469784]","[0.2899538,-0.67751926,-0.6759397]","[-0.5558905,-0.80846095,-0.19333045]","[-0.25229657,-0.5810452,-0.7737783]","[0.4043941,-0.8431128,-0.3544379]","[0.1564835,-0.71536297,-0.68100566]","[0.90780205,-0.36079353,-0.21383041]","[0.5209644,-0.6877511,-0.5055636]","[-0.7132128,0.2024907,0.67106265]","[0.4871565,-0.7750782,0.40240818]","[0.87299883,-0.11937972,-0.47288635]","[0.40217388,0.3798902,0.8330304]","[0.9963434,0.08473756,-0.010930449]","[-0.08743274,0.5998864,0.7952935]","[0.9933236,0.11387407,-0.018461533]","[0.94442284,0.11641002,-0.3074317]","[0.40264156,-0.45084897,0.7966272]","[0.9682692,0.030511644,-0.24803972]","[0.24698438,0.4151767,0.8755724]","[0.9076862,0.41591564,-0.055856556]","[-0.19558483,0.8203188,0.5374231]","[0.8879031,0.45819327,-0.041073054]","[0.8783452,0.41466892,-0.23782226]","[0.16624278,-0.17036329,0.97125673]","[0.9619032,0.15799882,-0.22311103]","[0.11262468,0.40182206,0.9087655]","[0.9180162,0.30662808,-0.25144684]","[-0.23252773,0.93546236,0.26615977]","[0.9290622,0.368926,-0.027149491]","[0.82475436,0.26610026,0.49896985]","[0.035747338,-0.08203085,0.9959885]","[-0.023251528,0.3349674,0.9419428]","[-0.14912702,0.50104433,0.8524762]"}
16,uncategorized,{"[0.7097106,-0.45076862,0.54140425]","[0.56660426,-0.70583594,-0.42515314]","[0.15923311,-0.7395426,-0.6540043]","[-0.26346505,-0.64559495,-0.7167938]","[-0.5644269,-0.46964368,-0.67886454]","[0.53516066,-0.833998,0.1343518]","[0.14970396,-0.48811597,-0.8598439]","[-0.54847074,-0.82401747,0.14203897]","[-0.19026104,-0.5927125,-0.78261906]","[-0.85734093,-0.4576276,0.23567663]","[-0.27375215,-0.46156067,-0.84381366]","[0.17945291,-0.023945138,-0.9834751]","[-0.29481706,-0.9551846,0.026557203]","[-0.9199432,0.053964347,-0.38831982]","[-0.43104738,0.2130522,0.87681633]","[-0.7776827,-0.13160752,-0.61472684]","[-0.0004264617,0.5541263,0.8324325]","[-0.7537887,-0.05968159,-0.654401]","[-0.7607903,-0.038128108,-0.64787686]","[-0.21877065,-0.9490744,-0.22670965]","[-0.965901,0.13284704,-0.22223157]","[-0.24607585,0.33211994,0.9105729]","[-0.94840634,0.31575155,-0.028747555]","[0.13578834,0.51276577,0.8477221]","[-0.88926333,0.40481544,0.21292068]","[-0.89123255,0.33963126,0.30059138]","[-0.16031636,-0.98203385,-0.09954006]","[-0.94416153,0.31190008,-0.10619499]","[0.0035312027,0.293059,0.9560878]","[-0.7662148,0.61314946,0.19225666]","[0.23017707,0.40960595,0.8827466]","[-0.8254099,0.563965,0.025336485]","[-0.8427512,0.52696687,-0.10989238]","[0.071749575,-0.98906344,0.12886244]","[0.119427584,0.18429968,0.97558737]","[0.23815905,0.428757,0.87146294]"}
17,uncategorized,{"[-0.29982036,-0.17070167,-0.93859935]","[-0.6399274,-0.7131297,-0.28624985]","[-0.45599356,-0.87854415,-0.14223227]","[-0.2162423,-0.97502595,-0.05063235]","[0.03382603,-0.9994149,0.0050561475]","[-0.22569287,-0.6933628,-0.6843324]","[-0.5844648,-0.76140267,0.2804762]","[0.5998434,-0.727799,-0.33241013]","[-0.1777588,-0.93964326,0.2923566]","[0.8204955,-0.5634058,-0.09675268]","[-0.82581425,-0.17764358,0.53523225]","[-0.89525074,0.39476904,0.20659998]","[0.7186115,-0.24435525,-0.65106684]","[0.786871,-0.28747484,0.54606974]","[0.34112322,0.78178203,-0.52196914]","[0.8429438,-0.17157239,0.5099105]","[-0.30957672,0.83221734,-0.45997456]","[0.69484776,-0.11109637,0.7105239]","[0.43647945,-0.20197684,0.8767503]","[0.7228344,-0.15970953,-0.6723119]","[0.9371365,-0.0306903,0.34761086]","[0.2165642,0.9270145,-0.30617648]","[0.9352411,-0.07160675,0.3466937]","[-0.80133533,0.5817427,0.13941696]","[0.6965511,-0.117768675,0.7077762]","[0.4768483,-0.105475046,0.87263435]","[0.63978666,-0.18265866,-0.7465312]","[0.9482337,0.23646572,0.211983]","[0.13665594,0.9814472,0.13448624]","[0.7178018,0.18782337,0.6704349]","[-0.7514752,0.40324453,0.52218664]","[0.7165178,-0.08118701,0.6928282]","[0.7543059,-0.08887103,0.6504803]","[0.63355744,-0.28549185,-0.7190962]","[0.06565657,0.9931424,0.09673358]","[-0.80796325,0.41225812,0.42099714]"}
18,uncategorized,{"[-0.8747046,-0.33995146,0.34543437]","[-0.40660292,-0.7075072,-0.57802045]","[-0.026455,-0.7067786,-0.70694]","[0.25369945,-0.62755185,-0.736081]","[0.46295133,-0.49715298,-0.7338358]","[-0.5377938,-0.840355,-0.0676852]","[0.10505233,-0.54644585,-0.8308796]","[0.55977464,-0.8285545,-0.012235881]","[0.36391625,-0.5790607,-0.7295572]","[0.78070873,-0.5514515,0.29393047]","[0.31027973,-0.54973763,-0.775574]","[0.01985628,-0.2936351,-0.95571136]","[0.34081942,-0.91906655,-0.19788574]","[0.93381757,-0.036866937,-0.35584486]","[-0.14467625,0.14384782,0.97896713]","[0.7371763,-0.15122594,-0.65856045]","[-0.076365516,0.47683576,0.8756689]","[0.7788361,-0.12975031,-0.6136605]","[0.890542,-0.19195822,-0.4124161]","[0.1637794,-0.89200485,-0.4213119]","[0.963113,0.1528479,-0.22147436]","[-0.24481133,0.16689263,0.9550991]","[0.8574974,0.39813206,0.32586667]","[-0.1369217,0.35908702,0.9232058]","[0.6198442,0.33422053,0.7099928]","[0.59232086,0.2295942,0.7722969]","[0.0773095,-0.9860394,-0.14747727]","[0.90067255,0.41535535,-0.12754959]","[-0.20589238,0.12914321,0.97001565]","[0.57226294,0.6582609,0.4890887]","[-0.11337255,0.26421037,0.95777845]","[0.63114214,0.6229333,0.46218356]","[0.70435005,0.5621973,0.433388]","[-0.07998095,-0.90681,0.41388246]","[-0.23634604,0.056687526,0.970014]","[-0.10034447,0.21352431,0.9717707]"}
19,uncategorized,{"[0.8186379,-0.29155424,0.4948011]","[0.6555755,-0.7288396,-0.19751862]","[0.33871463,-0.88138354,-0.32929537]","[-0.016986666,-0.93330383,-0.35868564]","[-0.33367792,-0.8838699,-0.32776982]","[0.61779,-0.746314,0.24769129]","[0.21669525,-0.72855836,-0.64980453]","[-0.15259121,-0.9357282,0.3180073]","[-0.005613977,-0.8064174,-0.5913201]","[-0.7291521,-0.50619894,0.46054295]","[-0.028491106,-0.45482934,-0.8901228]","[0.4074391,0.34021086,-0.8474963]","[0.13240461,-0.6760151,0.72489494]","[-0.91864634,-0.25807804,-0.2991399]","[-0.19986181,0.45976868,0.8652561]","[-0.8847412,-0.19456357,0.4235305]","[-0.31527647,0.6320794,0.70786744]","[-0.7458239,-0.1619419,0.64615905]","[-0.80111307,-0.15930766,0.5769219]","[0.20327744,-0.32906812,0.92216724]","[-0.99705666,-0.058868874,-0.049117193]","[-0.09722869,0.3531427,0.93050355]","[-0.99829406,-0.058030088,0.006438434]","[-0.36222544,0.75656897,0.5444228]","[-0.99294955,-0.09554209,-0.07016384]","[-0.94992495,-0.060454026,-0.30657446]","[0.22795744,-0.31361213,0.92178243]","[-0.99123013,0.10652067,0.07820601]","[-0.016209673,0.35197014,0.9358709]","[-0.97122025,0.15413572,-0.18158592]","[-0.32819283,0.9421682,0.06788701]","[-0.9765068,0.14361055,0.16065627]","[-0.7264326,0.07347069,0.6832991]","[0.259264,-0.33376506,0.90630186]","[0.055689253,0.24858256,0.9670085]","[-0.14805107,0.44068983,0.8853662]"}
20,uncategorized,{"[-0.7702662,-0.1457338,-0.6208476]","[-0.15277027,-0.5008998,-0.85191584]","[0.05774054,-0.6822288,-0.7288552]","[0.1890919,-0.83654934,-0.51422703]","[0.23954417,-0.94056875,-0.24072593]","[-0.6097462,-0.6870901,-0.39511618]","[0.39716828,-0.58835334,-0.70434207]","[-0.0468084,-0.9894925,-0.13679776]","[0.2852831,-0.75205106,-0.5941656]","[0.7859222,-0.61657435,-0.046501342]","[0.5767609,0.104369745,-0.8102184]","[0.24433364,0.8940792,-0.37539777]","[-0.7510528,-0.6592133,-0.03684473]","[0.6606801,-0.33036327,0.67406374]","[-0.2055816,0.8195625,0.5348397]","[0.6057984,-0.23187275,0.7610803]","[0.48746216,0.727593,0.48268938]","[0.49872994,-0.34436953,0.79541063]","[0.4819923,-0.36094937,0.7983727]","[-0.83922714,-0.5362307,-0.09030213]","[0.3664913,-0.19921523,0.908844]","[-0.36573705,0.76670355,0.52763814]","[0.3907117,0.062446933,0.9183925]","[0.43050402,0.80364424,0.41087988]","[0.4674609,-0.053988717,0.8823636]","[0.5583816,-0.07228012,0.8264294]","[-0.89759004,-0.4397866,-0.030328361]","[0.111254826,-0.11804761,0.98675585]","[-0.35767633,0.7630976,0.53828406]","[0.45892787,0.21515357,0.8620291]","[0.57974446,0.7699688,0.26654166]","[0.71644163,0.056725435,0.69533706]","[0.8238262,-0.2396398,0.51369566]","[-0.92660826,-0.34568724,-0.14797777]","[-0.4866798,0.862553,0.13836588]","[0.7588382,0.65113264,0.013817496]"}
21,uncategorized,{"[-0.5891127,-0.2588524,-0.76546824]","[-0.25574213,-0.9299088,-0.26432106]","[-0.010983631,-0.94734603,-0.32002324]","[0.20007817,-0.8805415,-0.42966893]","[0.36933503,-0.73945254,-0.5628513]","[-0.495353,-0.48066226,-0.7235946]","[0.036159515,-0.9907638,0.13068885]","[-0.5202589,-0.31329694,-0.79446566]","[0.30606294,-0.9518425,-0.017926753]","[-0.5994842,-0.10503137,-0.79346526]","[0.5643526,-0.82169116,-0.079559706]","[0.786536,-0.61721957,0.020029252]","[0.11587551,-0.6641863,-0.73853195]","[0.97876084,-0.015786301,-0.20439678]","[0.112752385,0.02201644,-0.9933792]","[0.9979735,-0.06287021,-0.009807195]","[-0.054237083,0.62184364,-0.7812611]","[0.9882831,-0.039294638,0.14748725]","[0.9666295,-0.044336252,0.25231275]","[0.1414801,-0.71365017,-0.6860662]","[0.8566332,0.24502485,-0.4540291]","[0.054132372,0.043595158,-0.99758166]","[0.9488489,0.31349382,0.037515946]","[-0.18683231,0.6419682,-0.7436199]","[0.67979664,0.29931659,0.6695417]","[0.40833032,0.18477517,0.89393765]","[0.22539268,-0.7973129,-0.55990195]","[0.6893903,0.4359697,-0.5785079]","[-0.1720733,0.09783451,-0.9802138]","[0.22674829,0.9497502,-0.21577711]","[-0.5103267,0.7187312,-0.4722204]","[0.24136956,0.9554831,0.16968447]","[0.4020744,0.77426887,0.48871657]","[0.00455256,-0.7412336,-0.67123175]","[-0.4396115,-0.15256031,-0.8851368]","[-0.6816232,0.6945643,-0.23015259]"}
22,uncategorized,{"[-0.7087781,0.06859325,-0.7020887]","[-0.36522815,-0.48923078,-0.7919985]","[-0.24342005,-0.7286871,-0.64012635]","[-0.22212723,-0.89087474,-0.39623436]","[-0.19421698,-0.9699036,-0.14685649]","[-0.85523236,-0.31397825,-0.41230482]","[0.31171858,-0.870651,-0.38052386]","[-0.5490339,-0.8130313,-0.19375725]","[0.7164611,-0.64907837,-0.25569662]","[0.008128517,-0.9996354,0.025748836]","[0.6915127,-0.63875294,-0.33734968]","[0.7035952,-0.54015285,-0.46172366]","[0.46431914,-0.7280157,-0.50438166]","[0.49656463,-0.3535119,0.79275024]","[-0.97188085,-0.14763701,-0.18344183]","[-0.26730096,-0.6047252,0.7502384]","[-0.92726856,0.36547664,0.08123962]","[-0.5945064,-0.15269625,0.78945935]","[-0.40811685,0.047509708,0.9116926]","[0.00508697,-0.85141724,-0.52446437]","[0.12152441,-0.3628433,0.9238921]","[-0.98869616,0.14376666,0.04255607]","[-0.43395263,0.09645285,0.89575773]","[-0.5461819,0.6946647,0.46810925]","[-0.094098166,0.32297656,0.9417174]","[0.3540816,0.15965317,0.9214863]","[-0.28388223,-0.7504805,-0.5968165]","[0.12293722,-0.22248453,0.9671541]","[-0.96561784,0.25366336,-0.056895193]","[-0.31330708,0.26701933,0.91133934]","[-0.31719717,0.79902947,0.51082075]","[0.14221568,0.029395925,0.9893991]","[0.2617672,0.0030010603,0.9651264]","[-0.6340819,-0.58068585,-0.5106311]","[-0.9706979,0.12608382,-0.20456897]","[-0.28866845,0.9477407,0.13586086]"}
23,uncategorized,{"[0.4137733,-0.53693146,0.73518455]","[0.4402527,-0.8484891,0.293673]","[0.37239859,-0.92740786,0.0351276]","[0.18573582,-0.95618,-0.22632298]","[-0.096277975,-0.87877935,-0.4674156]","[0.15499784,-0.9117597,0.38035503]","[0.34588042,-0.9151029,-0.20725198]","[-0.6061487,-0.7745723,0.18061434]","[-0.70959294,-0.61926985,-0.336129]","[-0.95847267,-0.26006058,0.11704114]","[-0.85036486,-0.13573004,-0.5083866]","[-0.24459946,0.22911593,-0.9421661]","[-0.960438,-0.27321705,0.053956013]","[-0.34006953,-0.045072053,-0.93931955]","[-0.5602269,0.8256044,0.06725497]","[-0.62092626,-0.040377248,-0.7828284]","[0.7789251,0.59451073,-0.1995812]","[-0.6341568,0.026919084,-0.7727357]","[-0.6204007,0.14956132,-0.7698924]","[-0.9680871,-0.23835059,0.07743639]","[-0.6285664,0.13471349,-0.7660004]","[-0.34107172,0.87827986,0.33510384]","[-0.5403571,0.27229348,-0.7961598]","[0.7724156,0.63511246,-0.002528008]","[-0.5236541,0.35171613,-0.7759395]","[-0.47704536,0.26808026,-0.83699507]","[-0.97157127,-0.20959459,0.11008799]","[-0.74505305,0.229869,-0.62614393]","[-0.19874987,0.8528066,0.48292786]","[-0.25280312,0.39549145,-0.8829933]","[0.87138003,0.49035773,-0.015689112]","[-0.12765211,0.25812733,-0.95764047]","[-0.15782212,0.25118035,-0.9549872]","[-0.9856251,-0.16537002,-0.034581743]","[-0.029857444,0.9674619,0.25124887]","[0.866983,0.49712774,0.034706287]"}
24,uncategorized,{"[0.8646691,-0.3788009,-0.3299352]","[0.25491893,-0.96276253,0.090025574]","[0.08943512,-0.99302435,-0.07683787]","[-0.048501134,-0.9472422,-0.31682774]","[-0.1465995,-0.82671285,-0.54318917]","[0.6877896,-0.5845426,-0.430413]","[-0.19844867,-0.93301123,0.30018014]","[0.3399743,-0.7202046,-0.60475016]","[-0.039637614,-0.98501235,-0.16786751]","[-0.76654315,-0.4280601,-0.4787234]","[-0.7816563,0.0930216,-0.6167336]","[-0.5846961,0.45281807,-0.67311686]","[0.64263105,0.020129295,-0.7659113]","[-0.6992164,-0.123025455,-0.7042451]","[-0.17720418,0.67308384,-0.7180229]","[-0.46172354,-0.17532957,-0.8695234]","[-0.72128,-0.023937015,-0.69222987]","[-0.9787817,0.19490021,0.06324789]","[-0.3997038,0.022559218,0.9163667]","[0.6861788,0.008295455,-0.7273856]","[-0.49011192,0.116764314,-0.86380345]","[-0.19506747,0.92990667,-0.31180486]","[-0.4765214,0.26496536,-0.8382844]","[-0.98394525,-0.11335162,0.13785183]","[-0.87403816,0.39181036,-0.2873011]","[-0.76388747,0.32192382,0.5593219]","[0.6624683,0.075671226,-0.7452581]","[-0.36915696,0.27094173,-0.8889959]","[-0.19399226,0.9339321,0.30022964]","[-0.90264076,0.43014485,0.014665027]","[-0.69746274,-0.061819088,0.7139496]","[-0.97722137,-0.088947356,0.1926829]","[-0.9897934,0.14186662,-0.01352305]","[0.81803036,0.114033155,-0.5637577]","[-0.14264278,0.85980517,0.49029386]","[-0.7388974,0.06564199,0.670613]"}
25,uncategorized,{"[-0.5823974,-0.04655905,-0.8115698]","[-0.61130834,-0.7127575,-0.34391686]","[-0.29209393,-0.91400146,-0.2815714]","[0.10574064,-0.96305186,-0.24768949]","[0.503576,-0.8325268,-0.23089035]","[-0.32571775,-0.7693018,-0.54962057]","[-0.34802786,-0.91692144,0.19527341]","[0.7413659,-0.5977916,-0.3049946]","[-0.13957685,-0.9899638,0.022133248]","[0.9454512,-0.2745306,-0.17537099]","[-0.5617995,-0.7974923,-0.21997124]","[-0.9127776,-0.31139284,-0.26433226]","[0.11006116,-0.6607962,-0.74245197]","[0.9516722,-0.113715224,0.28528738]","[0.13838065,-0.01609274,-0.9902484]","[0.9205002,-0.12643552,0.3697207]","[0.031604927,0.6121262,-0.7901283]","[0.9015305,-0.19700302,0.38526946]","[0.8556354,-0.31811687,0.40827647]","[0.022611083,-0.6927055,-0.720866]","[0.98955464,0.05666699,0.13255376]","[0.24566408,-0.14454143,-0.9585181]","[0.9859495,0.095944226,0.13674141]","[-0.047206927,0.43575022,-0.8988288]","[0.9563821,0.004742933,0.29208001]","[0.90163904,-0.06568428,0.4274723]","[0.17121747,-0.6704263,-0.72195095]","[0.9818106,0.18969461,0.007991024]","[0.09781553,-0.3488822,-0.9320479]","[0.9339973,0.35471568,-0.04272983]","[-0.34979054,0.38151753,-0.8556231]","[0.88576096,0.45958912,0.064848416]","[0.86324054,0.4844444,0.14187811]","[0.097167484,-0.58096015,-0.80811125]","[0.15015118,-0.17926827,-0.9722744]","[-0.41248578,0.5609357,-0.717779]"}
26,uncategorized,{"[-0.5947182,0.0326667,-0.8032703]","[-0.6053592,-0.5675437,-0.55806315]","[-0.40948674,-0.74526787,-0.5262095]","[-0.14114998,-0.83429587,-0.53294194]","[0.17272514,-0.7951405,-0.58130676]","[-0.73759764,-0.1822878,-0.65016985]","[-0.29091555,-0.9563626,0.027178446]","[-0.6562688,-0.29249328,-0.69552785]","[-0.04528822,-0.9988688,0.014492639]","[-0.65217435,-0.36059016,-0.6668158]","[0.07461431,-0.9964068,-0.04007795]","[0.2052483,-0.97868615,-0.0068195043]","[-0.45573568,-0.5585577,-0.69304997]","[0.8888056,-0.28432807,0.3594191]","[-0.35306254,-0.492798,-0.7952968]","[0.78984433,-0.3146083,0.5264671]","[-0.35193655,-0.5894524,-0.7271083]","[0.7128112,-0.31611958,0.62607396]","[0.67169607,-0.31352505,0.6712126]","[-0.35080472,-0.77687174,-0.52288276]","[0.9871748,-0.029008279,0.15698546]","[-0.3256276,-0.6963241,-0.6396088]","[0.94399583,0.09326226,0.31650284]","[-0.34120268,-0.7376997,-0.5825632]","[0.8442429,0.18773201,0.5020066]","[0.7649834,0.25118834,0.5930471]","[-0.3302287,-0.82260066,-0.46290085]","[0.974443,0.20392507,-0.09420927]","[-0.41193584,-0.75752306,-0.50642633]","[0.91172785,0.40866727,0.041753802]","[-0.4448267,-0.7648216,-0.46602264]","[0.844719,0.4830164,0.23053193]","[0.79236645,0.50492096,0.34235984]","[-0.2445223,-0.827758,-0.50500053]","[-0.45955083,-0.84634566,-0.26928067]","[-0.46141136,-0.86770767,-0.18488634]"}
27,uncategorized,{"[0.41788968,-0.104122385,-0.90251136]","[0.39115983,-0.7486491,-0.5352742]","[0.1763321,-0.8328328,-0.52468705]","[-0.04421231,-0.8071598,-0.5886751]","[-0.2436328,-0.6744189,-0.69699514]","[0.62126124,-0.43389866,-0.65250784]","[0.089973405,-0.9633029,0.252888]","[0.63916904,-0.4079685,-0.65193915]","[-0.1139013,-0.97880423,0.17020223]","[0.68161994,-0.120514035,-0.72171366]","[-0.30941117,-0.9470101,0.08623542]","[-0.42920578,-0.9015945,0.05394217]","[0.26889807,-0.64020646,-0.7196037]","[-0.95784885,-0.26531342,0.110156015]","[0.17401923,-0.512981,-0.8405759]","[-0.9336065,-0.3249697,0.1509091]","[0.135389,-0.5495613,-0.8244102]","[-0.91954523,-0.39123002,0.037090234]","[-0.90753335,-0.41796115,0.041130684]","[0.09418813,-0.73628014,-0.67008966]","[-0.956261,0.14173016,-0.25588575]","[0.0857396,-0.5432385,-0.835189]","[-0.9128374,0.20806156,-0.35133788]","[0.058892895,-0.60497797,-0.7940613]","[-0.8962927,0.249171,-0.36684227]","[-0.90124243,0.2691874,-0.3395589]","[-0.10468409,-0.6273059,-0.771705]","[-0.7701627,0.41577184,-0.48371804]","[-0.06501698,-0.44963375,-0.8908436]","[-0.7210379,0.57644695,-0.38446492]","[-0.062289897,-0.56153446,-0.8251054]","[-0.7578231,0.6520502,-0.023123372]","[-0.7321771,0.6523424,0.19587277]","[-0.25940934,-0.4367576,-0.86136496]","[-0.28489378,-0.44674608,-0.84808815]","[-0.2808845,-0.6287948,-0.7250662]"}
28,uncategorized,{"[0.6657986,-0.5082613,0.5462441]","[0.40741432,-0.78741175,-0.4625974]","[-0.018545164,-0.76416856,-0.64474994]","[-0.383569,-0.6374632,-0.66821814]","[-0.636367,-0.4592436,-0.6197841]","[0.40580624,-0.88869685,0.21339917]","[-0.032170627,-0.4828466,-0.87511384]","[-0.61832887,-0.7370558,0.27279702]","[-0.3011102,-0.5577627,-0.77345556]","[-0.844731,-0.3815194,0.37532982]","[-0.28432366,-0.49189916,-0.8229188]","[0.16484132,-0.19109431,-0.9676313]","[-0.3016408,-0.9521851,0.048542038]","[-0.9247399,0.07800634,-0.37252]","[-0.19390696,0.086709596,0.9771804]","[-0.8406803,-0.13645974,-0.5240567]","[0.07682806,0.48413944,0.8716114]","[-0.79221016,-0.08750416,-0.60394216]","[-0.7762256,-0.061525222,-0.627446]","[-0.2851408,-0.949826,-0.12855053]","[-0.9646185,0.1890661,-0.18375282]","[0.110045746,0.17942457,0.9775974]","[-0.8763433,0.4690322,0.109686926]","[0.2113075,0.4732931,0.8551858]","[-0.7350403,0.5796285,0.35177627]","[-0.78300256,0.49265093,0.3797395]","[-0.24022491,-0.96882427,0.060592916]","[-0.9261046,0.373869,-0.050520062]","[0.22663899,0.21125491,0.9507924]","[-0.72425777,0.67064685,0.1602607]","[0.23226875,0.37424362,0.8977711]","[-0.80559623,0.59225875,-0.01563121]","[-0.82756835,0.55548924,-0.08100799]","[-0.07497378,-0.9680312,0.23936257]","[0.27285498,0.12008033,0.9545317]","[0.25324118,0.34988624,0.9019138]"}
29,uncategorized,{"[0.6760692,0.02709514,-0.7363398]","[0.8185605,-0.5642275,-0.107731245]","[0.6499646,-0.74622834,-0.14383787]","[0.40773454,-0.8626746,-0.29924092]","[0.050101798,-0.8579361,-0.5113076]","[0.812442,-0.5114516,-0.27992013]","[0.519236,-0.7381074,0.43080327]","[-0.44639778,-0.78616714,-0.42739934]","[0.3057199,-0.9500979,0.062042695]","[-0.974498,-0.074397594,-0.21170413]","[0.6879598,-0.66125864,-0.29907918]","[0.9252748,-0.21302816,-0.3138241]","[0.30188936,-0.5281383,-0.79368305]","[-0.96079075,-0.2715412,-0.05609347]","[-0.0063544177,0.25655872,-0.96650773]","[-0.91226494,-0.40504387,-0.060927205]","[-0.41572607,0.6782615,-0.6059152]","[-0.9647612,-0.2500608,0.081886694]","[-0.91828996,-0.16872962,0.35815337]","[0.28613544,-0.5809958,-0.7619517]","[-0.92176396,-0.052117657,-0.38423294]","[-0.016264614,0.43430936,-0.90061694]","[-0.97763014,0.047012445,-0.20501004]","[-0.38959655,0.86919755,-0.3044834]","[-0.99182713,0.0066297934,0.1274165]","[-0.9223432,-0.03820155,0.38447845]","[0.18178663,-0.5946213,-0.78318524]","[-0.8722621,0.06260015,-0.48501545]","[0.15789203,0.5643348,-0.8103063]","[-0.9338643,0.33401963,-0.12778232]","[-0.23741205,0.9712896,0.015235373]","[-0.9757163,0.17424327,0.13272893]","[-0.98391664,-0.009204718,0.17839107]","[0.11724752,-0.5746238,-0.8099756]","[0.6160142,0.4010813,-0.67798257]","[0.1767322,0.983645,0.034759328]"}
30,uncategorized,{"[0.57081133,-0.06928065,-0.81815314]","[0.7423345,-0.63573205,-0.21162298]","[0.5387718,-0.82617474,-0.1648038]","[0.26592538,-0.9427089,-0.20145373]","[-0.08458899,-0.95997405,-0.26701042]","[0.74274594,-0.51157117,-0.43199933]","[0.55589944,-0.77307504,0.30550086]","[-0.24425472,-0.8982354,-0.36539403]","[0.28610784,-0.95720994,0.04349073]","[-0.81934935,-0.5604416,-0.12071408]","[0.837522,0.50865906,-0.19955683]","[0.7024191,0.6981011,-0.13878848]","[0.143379,-0.3714279,-0.91732424]","[-0.9228924,-0.30934384,0.2292945]","[-0.38732776,0.7720978,-0.5038275]","[-0.96259266,-0.22003348,0.15811594]","[-0.5571135,0.5248402,-0.6435583]","[-0.8305774,-0.051609848,0.55450666]","[-0.5659793,-0.15359916,0.8099844]","[0.046764925,-0.3258375,-0.94426847]","[-0.9934696,-0.09706677,-0.059968095]","[-0.27048478,0.9505051,-0.15289877]","[-0.97828966,0.12577407,-0.16471253]","[-0.25964803,0.22105156,0.94006336]","[-0.87876385,0.09455618,0.46779612]","[-0.6205674,0.07186119,0.78085345]","[-0.053677112,-0.17307867,-0.9834442]","[-0.98588574,0.021087661,-0.16608615]","[-0.07060363,0.9282546,0.3651829]","[-0.8169778,0.13561763,0.56049544]","[0.056603745,0.07034075,0.9959158]","[-0.74304473,-0.24795221,0.6216142]","[-0.8174751,-0.21720435,0.5334386]","[0.11038032,-0.18713541,-0.97611296]","[0.053571437,0.8630268,0.5023095]","[0.04806487,0.15161,0.9872711]"}
31,uncategorized,{"[0.66886955,-0.12784863,-0.7323034]","[0.17076288,-0.6915217,-0.7018816]","[-0.011145376,-0.8394725,-0.54328793]","[-0.09012925,-0.930661,-0.35460794]","[-0.10958855,-0.97776026,-0.17881632]","[0.6896007,-0.54883534,-0.47247285]","[-0.35279676,-0.8694162,-0.3459045]","[0.3562964,-0.900494,-0.24932595]","[-0.1617297,-0.9171828,-0.36416918]","[-0.6209526,-0.7836772,0.016364928]","[-0.7175793,-0.07353774,-0.6925837]","[-0.47366372,0.7288086,-0.49444997]","[0.8633613,-0.3576213,-0.35596952]","[-0.6418534,-0.30743572,0.70250094]","[0.15215737,0.9695398,-0.19193928]","[-0.4841154,-0.2001781,0.8517987]","[-0.6527704,0.75675887,-0.034739885]","[-0.36150032,-0.2799365,0.8893554]","[-0.32517144,-0.366104,0.8719125]","[0.91740507,-0.2894153,-0.27314228]","[-0.32594025,-0.1523387,0.93303585]","[0.27297848,0.9618758,0.016664818]","[-0.403741,-0.016739324,0.9147202]","[-0.7334439,0.67954856,0.016548034]","[-0.3388775,-0.106148206,0.9348233]","[-0.27309048,-0.12869146,0.95334154]","[0.94511217,-0.2721177,-0.1808726]","[-0.07267492,0.031560138,0.9968562]","[0.26841867,0.87212735,0.40907866]","[-0.3976382,0.19178842,0.89727426]","[-0.6999262,0.65999514,0.27296478]","[-0.49612707,0.07367738,0.86511827]","[-0.45820522,0.06545672,0.88643295]","[0.9642508,-0.23790084,-0.11672017]","[0.23016393,0.8974978,0.3761945]","[-0.6661378,0.689691,0.283878]"}
32,uncategorized,{"[0.58839154,-0.09958433,-0.8024203]","[0.82496417,-0.5398669,-0.1672657]","[0.65275836,-0.74815375,-0.11904829]","[0.4090535,-0.90023386,-0.14917855]","[0.10320492,-0.97068346,-0.21707684]","[0.6460545,-0.5928757,-0.48074102]","[0.709611,-0.6439792,0.28590745]","[-0.31484693,-0.8849572,-0.3431066]","[0.5320187,-0.84672505,0.0035755509]","[-0.59512436,-0.7862682,-0.16616048]","[0.9570498,0.114880346,-0.26619205]","[0.7766063,0.59904987,-0.19499186]","[-0.05891504,-0.42150432,-0.90491056]","[-0.8917563,-0.39468417,0.22134836]","[-0.42803803,0.62086356,-0.65674335]","[-0.9238394,-0.3524739,0.14927462]","[-0.039554875,0.7245218,-0.68811595]","[-0.8620372,-0.08004299,0.50048476]","[-0.62202024,-0.14934535,0.7686266]","[-0.12951045,-0.3977529,-0.90830594]","[-0.9689766,-0.24052563,-0.056848053]","[-0.35102403,0.88906366,-0.2938502]","[-0.99868464,0.0066505033,-0.050840333]","[0.5504122,0.70313615,0.45016217]","[-0.88854134,-0.0066968403,0.4587477]","[-0.6926715,-0.053103685,0.7192957]","[-0.24961726,-0.2617689,-0.9322919]","[-0.97704947,-0.10173943,-0.1871454]","[-0.19416566,0.9642177,0.18050998]","[-0.8401997,0.037789647,0.54095876]","[0.40455505,0.25386,0.8785729]","[-0.7289626,-0.335997,0.59642226]","[-0.814772,-0.3446946,0.46618903]","[-0.2661896,-0.3176439,-0.9100799]","[-0.08765106,0.95342606,0.2886105]","[0.3988249,0.3240716,0.8578556]"}
33,uncategorized,{"[0.62087303,0.06148139,-0.78149647]","[0.8290334,-0.49366826,-0.26266953]","[0.6532499,-0.7031239,-0.28085813]","[0.390687,-0.84422064,-0.366954]","[0.0047944332,-0.8756367,-0.48294652]","[0.7419005,-0.4557786,-0.49178195]","[0.6809555,-0.7065583,0.19254872]","[-0.60336214,-0.62147164,-0.4997271]","[0.5069724,-0.85954565,-0.06449997]","[-0.840026,-0.38542247,-0.3818452]","[0.7984287,-0.57285976,-0.18531927]","[0.98273265,-0.14058924,-0.12029608]","[0.33040154,-0.5964287,-0.7315105]","[-0.944825,-0.31404805,0.09316443]","[-0.20407245,0.19446662,-0.9594463]","[-0.8925907,-0.4416813,0.090550676]","[-0.5466743,0.68559706,-0.48073262]","[-0.9442505,-0.25178486,0.212121]","[-0.8894289,-0.17796995,0.42100224]","[0.26728588,-0.67329025,-0.6893754]","[-0.9815613,-0.13347436,-0.13682817]","[-0.2918104,0.4640659,-0.8363549]","[-0.9994197,-0.033931516,0.00299347]","[-0.31988204,0.9168293,-0.23895504]","[-0.93501556,-0.01940334,0.35407543]","[-0.8325623,-0.026759861,0.55328465]","[0.20149232,-0.69582975,-0.68936336]","[-0.97066146,0.014578749,-0.24000792]","[-0.37504104,0.7165842,-0.58809125]","[-0.91862714,0.39293355,0.041562036]","[-0.2804977,0.94551414,0.16529977]","[-0.9471396,0.21763991,0.23571043]","[-0.9619375,0.017862873,0.2726852]","[0.2321678,-0.6314063,-0.7398812]","[-0.06908566,0.6722076,-0.7371324]","[-0.20013486,0.9488228,0.24429761]"}
34,uncategorized,{"[0.47306728,0.004670957,-0.88101393]","[0.4307914,-0.5931675,-0.6801258]","[0.23101,-0.71992546,-0.6544782]","[0.006749928,-0.7458426,-0.6660881]","[-0.21244285,-0.6712121,-0.7101707]","[0.6173964,-0.1620639,-0.76977724]","[0.2162548,-0.95409346,-0.20721869]","[0.645277,-0.17896578,-0.74269027]","[0.06575771,-0.98278195,-0.17267169]","[0.6664804,0.007830483,-0.7454814]","[-0.0748085,-0.9895473,-0.12328739]","[-0.19870874,-0.9796619,-0.027883526]","[0.3813709,-0.582408,-0.7178838]","[-0.88517785,-0.40725148,0.22495875]","[0.337542,-0.57083386,-0.7484745]","[-0.8746027,-0.4410298,0.20140223]","[0.31993726,-0.65055656,-0.6887788]","[-0.8639811,-0.47006005,0.18049972]","[-0.86000866,-0.47114027,0.19598965]","[0.19729505,-0.6979062,-0.68847775]","[-0.99883646,-0.0036260313,0.04808921]","[0.17166731,-0.6772648,-0.71543187]","[-0.999572,0.019221691,0.022055471]","[0.15603821,-0.75699383,-0.63451743]","[-0.9981331,0.058088604,0.018868295]","[-0.995542,0.07953407,0.05069973]","[-0.024531232,-0.700377,-0.7133515]","[-0.92219764,0.35818362,-0.14579438]","[0.013942972,-0.66104144,-0.7502198]","[-0.8522721,0.52142686,-0.041789185]","[0.064104065,-0.7744252,-0.6294095]","[-0.83165824,0.5432543,0.11497531]","[-0.8198809,0.5397333,0.19100584]","[-0.2662893,-0.5560645,-0.78732604]","[-0.30703562,-0.61819315,-0.7235789]","[-0.23871596,-0.793822,-0.55934006]"}
35,uncategorized,{"[-0.5007114,-0.756239,0.4211777]","[-0.39937162,-0.8990061,-0.17969495]","[-0.19991231,-0.8864551,-0.41741148]","[0.041343994,-0.79516417,-0.6049832]","[0.26823664,-0.63179445,-0.72724473]","[-0.06829501,-0.92487866,-0.3740793]","[-0.2360325,-0.7927859,-0.5619424]","[0.66602045,-0.46959388,-0.5795674]","[0.53669673,-0.58106196,-0.6118199]","[0.848855,-0.09423163,-0.5201592]","[0.67894447,-0.26575565,-0.68440366]","[-0.3273474,0.28483927,-0.90094966]","[0.9240948,-0.26604772,-0.27434912]","[0.6298412,0.004898849,-0.7767085]","[0.56671584,0.81314325,-0.13278246]","[0.79353607,0.22426222,-0.5656916]","[-0.38977253,0.8918974,-0.22933903]","[0.78227,0.39939544,-0.4780554]","[0.69381565,0.5414089,-0.47486448]","[0.980729,-0.15189546,-0.1228757]","[0.7428808,0.19011216,-0.64186096]","[0.20220068,0.9510273,0.233799]","[0.6913337,0.49364826,-0.5276069]","[-0.7293576,0.68383604,0.020144401]","[0.6642397,0.6238009,-0.4118957]","[0.6864208,0.6182977,-0.38279822]","[0.99979645,-0.019928426,0.003147811]","[0.7561469,0.29262567,-0.5853307]","[-0.051925987,0.8643254,0.5002452]","[0.52889836,0.6946511,-0.48757184]","[-0.8091801,0.5741393,0.1248665]","[0.52200776,0.7361589,-0.43078756]","[0.6497185,0.73261523,-0.20283173]","[0.95306396,0.15812059,0.25819948]","[-0.17055768,0.739212,0.651518]","[-0.7582053,0.4548049,0.46720147]"}
36,uncategorized,{"[-0.7705418,-0.22463526,-0.59649336]","[-0.3326678,-0.9185826,-0.21339646]","[-0.11055519,-0.9292258,-0.35258615]","[0.09559654,-0.83822036,-0.5368872]","[0.2809168,-0.6643171,-0.6926533]","[-0.61469954,-0.68420583,-0.3924371]","[0.017143697,-0.9975975,0.067121744]","[-0.5544933,-0.55344707,-0.6214769]","[0.33607703,-0.89646673,-0.28879]","[-0.731148,-0.15793104,-0.663687]","[0.4347774,-0.7483228,-0.5009806]","[0.6479735,-0.5272087,-0.5497103]","[0.12068408,-0.6158333,-0.77857864]","[0.84796983,-0.035076197,-0.5288827]","[-0.31724006,0.15067802,-0.9362985]","[0.7293605,-0.3184805,-0.6054778]","[-0.12553364,0.74454683,-0.655661]","[0.7636654,-0.2163805,-0.6082719]","[0.9156685,-0.09096088,-0.39150646]","[0.13665302,-0.6493458,-0.74811494]","[0.69760996,0.16409133,-0.6974342]","[-0.4564971,0.2917735,-0.8405228]","[0.8871068,0.404741,-0.22186989]","[-0.22892115,0.90753233,-0.35210815]","[0.97371215,0.22668603,0.02231815]","[0.99415076,0.053606853,0.0937583]","[0.2410981,-0.68529093,-0.68720305]","[0.64977896,0.30217063,-0.69748133]","[-0.5632588,0.1730567,-0.8079547]","[0.6203907,0.69619554,-0.36114693]","[-0.31163946,0.88526773,-0.34522724]","[0.8349066,0.48729536,-0.2558794]","[0.8812777,0.24213992,-0.40585455]","[0.2939231,-0.66588646,-0.68571454]","[-0.52384466,-0.13017489,-0.8418083]","[-0.5419563,0.6135132,-0.5743561]"}
37,uncategorized,{"[0.5651028,-0.04109065,-0.8239966]","[0.6720573,-0.6142367,-0.41358468]","[0.44758707,-0.80870444,-0.3816582]","[0.0910446,-0.92601556,-0.36634147]","[-0.26637435,-0.8948942,-0.35806298]","[0.07907435,-0.42096508,-0.90362364]","[0.5203448,-0.8520569,0.05692337]","[-0.7723383,-0.36392146,-0.52062917]","[0.47613204,-0.8780159,-0.04885075]","[-0.8158669,-0.37981513,-0.43600655]","[0.62873507,-0.7757401,-0.054033026]","[0.907025,-0.41792482,0.05142479]","[0.22661,-0.71374583,-0.66273284]","[-0.93649566,-0.17989853,0.3010189]","[-0.78430754,0.2581299,-0.5641194]","[-0.9488151,-0.26125214,0.17747444]","[-0.6948338,0.6194204,-0.36540982]","[-0.94331974,-0.052159,0.32776096]","[-0.66107684,0.028594935,0.7497731]","[0.026458038,-0.75717837,-0.6526721]","[-0.98699707,-0.095443845,0.12933405]","[-0.71994483,0.53056735,-0.4474123]","[-0.9334888,0.025302777,0.3577128]","[0.044185538,0.9937352,-0.10265449]","[-0.7367979,-0.06916783,0.6725657]","[-0.5879415,-0.09090226,0.80377954]","[0.013100802,-0.80424035,-0.5941597]","[-0.999868,0.015366632,-0.0052844817]","[-0.7453432,0.62863415,-0.22199696]","[-0.7830484,0.49116462,0.38156584]","[0.23093235,0.9459355,0.22776374]","[-0.7280969,0.22115694,0.6488178]","[-0.77698505,-0.0071450504,0.6294785]","[0.16795953,-0.8088912,-0.5634578]","[-0.8512595,0.4536143,-0.26380163]","[0.3638968,0.9163043,0.16722901]"}
38,uncategorized,{"[-0.56116223,-0.095920086,-0.82212913]","[-0.30917478,-0.6145432,-0.7257738]","[-0.111038916,-0.7019086,-0.7035586]","[0.06632173,-0.71574765,-0.69520265]","[0.21448384,-0.67734706,-0.7037028]","[-0.538762,-0.42020985,-0.7301775]","[0.08327158,-0.93676496,-0.33990768]","[-0.5860595,-0.5055031,-0.6332463]","[0.34772047,-0.90850514,-0.23175178]","[-0.6521116,-0.17096329,-0.73859465]","[0.5012041,-0.83726776,-0.21858002]","[0.5962779,-0.79361457,-0.12094856]","[-0.02780829,-0.7433947,-0.6682747]","[0.9200246,-0.10871326,0.37647867]","[-0.0727258,-0.6695841,-0.73916715]","[0.87919176,-0.18370979,0.43962774]","[-0.02613852,-0.70176697,-0.7119269]","[0.89342785,-0.2588417,0.3671343]","[0.9070991,-0.30714962,0.28780246]","[0.04752695,-0.80696756,-0.5886804]","[0.8945679,0.25838232,0.36467355]","[0.021764297,-0.702865,-0.71099025]","[0.92821974,0.3710909,0.026451958]","[0.10925854,-0.71784234,-0.68757904]","[0.88819474,0.39044526,-0.24220374]","[0.8604756,0.40644807,-0.30721605]","[0.11441458,-0.7075811,-0.6973079]","[0.75644916,0.57414997,0.31326747]","[0.14698842,-0.5491095,-0.82272303]","[0.5751039,0.8155995,0.06366315]","[0.21646763,-0.6017116,-0.7688205]","[0.4843675,0.81158876,0.32666767]","[0.44321018,0.7708,0.45763752]","[0.24285643,-0.45518863,-0.85663533]","[0.3243378,-0.48828545,-0.8101742]","[0.4457457,-0.60988766,-0.6552464]"}
39,uncategorized,{"[0.48553148,0.024270507,-0.87388223]","[0.45659158,-0.56741834,-0.68524486]","[0.25825998,-0.69852453,-0.6673569]","[0.031670235,-0.7279693,-0.6848779]","[-0.1917503,-0.6544867,-0.7313542]","[0.613228,-0.12266311,-0.78032374]","[0.26345554,-0.9300946,-0.25595948]","[0.66170895,-0.1205096,-0.74001265]","[0.11803118,-0.9718414,-0.20394354]","[0.65540296,0.053557817,-0.75337803]","[-0.038772155,-0.9898801,-0.13650692]","[-0.16165945,-0.9864887,-0.02657467]","[0.405897,-0.5646937,-0.718588]","[-0.87986356,-0.4371364,0.18641843]","[0.34965694,-0.574033,-0.74042296]","[-0.856867,-0.47442216,0.20174873]","[0.35166153,-0.6452644,-0.6782095]","[-0.8375165,-0.50409603,0.21083967]","[-0.8283457,-0.5118072,0.22780856]","[0.23050247,-0.6999091,-0.6760147]","[-0.99944884,-0.027019134,0.01928649]","[0.19637474,-0.70455873,-0.681934]","[-0.9995838,-0.004918772,0.028425902]","[0.1886861,-0.77297145,-0.60573316]","[-0.99926525,0.03558478,0.014236821]","[-0.99730074,0.06426898,0.035506282]","[-0.010215068,-0.72033817,-0.69354784]","[-0.9278485,0.33468598,-0.16456741]","[0.027567908,-0.68692565,-0.72620463]","[-0.87887436,0.4747091,-0.047235142]","[0.08965281,-0.782119,-0.616646]","[-0.8581762,0.5043154,0.095915005]","[-0.84934986,0.5005764,0.167416]","[-0.29881567,-0.58449006,-0.75437427]","[-0.30556238,-0.6462415,-0.6992879]","[-0.21358721,-0.8109153,-0.5447907]"}
40,uncategorized,{"[0.7361819,-0.21330102,-0.6422919]","[0.38519245,-0.80087006,-0.4585127]","[0.15981665,-0.80992377,-0.5643422]","[-0.047654532,-0.7216399,-0.6906265]","[-0.2270827,-0.54353434,-0.8080866]","[0.64840573,-0.6130935,-0.45131636]","[0.06924969,-0.97088253,-0.22932859]","[0.7018037,-0.50937927,-0.49800035]","[-0.13143641,-0.9299642,-0.34335268]","[0.69817793,-0.26978436,-0.66314703]","[-0.2897363,-0.8872806,-0.3588677]","[-0.37996978,-0.8715922,-0.3097579]","[0.15824285,-0.73927706,-0.6545446]","[-0.86365813,-0.13646251,-0.48525524]","[0.16343817,-0.71554226,-0.6791813]","[-0.82437724,-0.26823854,-0.4984478]","[0.12792665,-0.7365762,-0.6641463]","[-0.73976934,-0.33632416,-0.5827756]","[-0.7080219,-0.4018481,-0.5807091]","[0.034578152,-0.75370467,-0.656303]","[-0.792674,0.25999802,-0.55142444]","[0.09644444,-0.6930385,-0.7144201]","[-0.81931883,0.2398673,-0.52074975]","[0.08475291,-0.7682467,-0.6345187]","[-0.8347712,0.22486998,-0.50258386]","[-0.85547704,0.22988108,-0.4640191]","[-0.13523158,-0.6877549,-0.713236]","[-0.6576085,0.527059,-0.5382934]","[-0.09467237,-0.6306762,-0.7702497]","[-0.6830851,0.61868405,-0.38810405]","[-0.094724596,-0.7369478,-0.66927963]","[-0.7291013,0.6453151,-0.2279905]","[-0.7633597,0.6312435,-0.13716239]","[-0.42385167,-0.41566125,-0.80472076]","[-0.44416687,-0.48207814,-0.755193]","[-0.47847503,-0.6451647,-0.5956711]"}
41,uncategorized,{"[-0.80161977,-0.084476225,-0.59183574]","[-0.6063294,-0.78764755,-0.109434806]","[-0.3608441,-0.90368885,-0.23051675]","[-0.06304841,-0.88865924,-0.45421317]","[0.24689826,-0.7148818,-0.65420586]","[-0.724151,-0.5705168,-0.3874479]","[-0.17150728,-0.9374298,0.30300272]","[0.19592898,-0.72052,-0.6651787]","[0.18060109,-0.97733116,-0.11048531]","[0.9096467,-0.16111262,-0.382865]","[-0.22389317,-0.8676092,-0.44398883]","[-0.8808749,-0.25574678,-0.39831278]","[-0.13474363,-0.5105947,-0.849198]","[0.9223544,-0.16199127,-0.3507437]","[-0.4278379,0.31781563,-0.84613705]","[0.8470132,-0.3776352,-0.37411276]","[0.26967245,0.69585204,-0.66563255]","[0.80531013,-0.5242211,-0.2768895]","[0.74641514,-0.6250497,0.2284234]","[0.022899156,-0.5958387,-0.8027776]","[0.8097644,0.09154209,-0.57957023]","[-0.7045441,0.31408283,-0.6363722]","[0.9478836,0.13220963,-0.28989178]","[-0.046469726,0.9818384,-0.18393983]","[0.97985625,0.10498669,-0.16988093]","[0.991817,0.0403674,-0.12111787]","[0.20297892,-0.6164487,-0.7607829]","[0.7618149,0.23150147,-0.6050166]","[-0.8094397,0.2841015,-0.51390046]","[0.78063315,0.5656575,-0.26578844]","[-0.3892283,0.919069,-0.06175394]","[0.93387675,0.2983232,-0.19717376]","[0.93374276,0.15491186,-0.32268685]","[0.32655418,-0.54431266,-0.7727135]","[-0.77787656,0.044756155,-0.6268213]","[-0.6703329,0.6580061,-0.34304777]"}
42,uncategorized,{"[0.57468444,-0.04618927,-0.8170706]","[0.8060616,-0.56069744,-0.18942812]","[0.6339066,-0.7599968,-0.143413]","[0.39331827,-0.901138,-0.1823488]","[0.08480347,-0.963721,-0.2530816]","[0.7352991,-0.48203838,-0.47641814]","[0.66876763,-0.6900848,0.27664557]","[-0.19834039,-0.90501904,-0.37629992]","[0.45962802,-0.8880675,-0.008845099]","[-0.59305346,-0.7920266,-0.1448497]","[0.95210946,0.11818538,-0.28199258]","[0.71136594,0.68076307,-0.17470014]","[0.067658395,-0.3916469,-0.91762465]","[-0.869418,-0.44112316,0.22253676]","[-0.4053352,0.7403075,-0.5363284]","[-0.9258187,-0.3403317,0.16442037]","[-0.24468519,0.75745946,-0.6052969]","[-0.833539,-0.12213757,0.5387904]","[-0.5757314,-0.21841387,0.78792685]","[-0.03199656,-0.34997174,-0.9362137]","[-0.9624519,-0.25651845,-0.08879596]","[-0.36421028,0.9165979,-0.16492163]","[-0.98781955,-0.0009989314,-0.15560071]","[0.27051908,0.4633338,0.8438846]","[-0.91816705,-0.028665021,0.3951551]","[-0.6810195,-0.06529249,0.7293486]","[-0.14141448,-0.19948876,-0.9696423]","[-0.97220147,-0.11955846,-0.20132093]","[-0.18950985,0.94343084,0.27207398]","[-0.8527759,0.0460134,0.5202462]","[0.305901,0.13282727,0.94275206]","[-0.737076,-0.36731094,0.56727564]","[-0.83596694,-0.3554556,0.41810352]","[-0.08735519,-0.18114309,-0.97956944]","[-0.047053568,0.9292466,0.36645153]","[0.28607234,0.20758134,0.9354532]"}
43,uncategorized,{"[0.8922714,0.04426782,-0.4493241]","[0.7652715,-0.6418817,-0.048450064]","[0.63177806,-0.7440705,-0.21729147]","[0.42766038,-0.7698623,-0.47372848]","[0.13668436,-0.68889004,-0.71186227]","[0.8589444,-0.5003848,-0.10876346]","[0.42082793,-0.8767283,0.23291923]","[0.050176896,-0.88459,-0.46366233]","[0.13669072,-0.9329943,-0.33292234]","[-0.9832848,-0.11055791,-0.14466505]","[0.36767197,-0.60259587,-0.70830464]","[0.72338825,-0.22333534,-0.6533229]","[0.33267906,-0.47081587,-0.81710285]","[-0.7337126,-0.21803653,-0.6435261]","[0.37943006,0.41258177,-0.8281359]","[-0.75060636,-0.55043495,-0.36552906]","[-0.5807899,0.7783772,-0.23835264]","[-0.7737284,-0.62714064,0.08966051]","[-0.58026844,-0.4642708,0.6691347]","[0.28870413,-0.6320104,-0.7191751]","[-0.66203326,-0.01647655,-0.7492933]","[0.6182794,0.56684375,-0.5444435]","[-0.7779065,0.03586736,-0.62735564]","[-0.44470087,0.8496593,0.2834081]","[-0.9983839,-0.0036676796,-0.056711245]","[-0.91862965,-0.09454838,0.38364068]","[0.22329122,-0.6507801,-0.72569025]","[-0.69013906,0.069137946,-0.7203666]","[0.74337685,0.6617864,0.097106196]","[-0.7120612,0.27669713,-0.64529645]","[-0.35119024,0.6370906,0.68613476]","[-0.7301168,0.07688315,-0.6789834]","[-0.5997568,-0.013928586,-0.8000611]","[0.1920368,-0.5611152,-0.80515313]","[0.8897005,0.4558653,-0.024898902]","[-0.20944698,0.6926458,0.69019836]"}
44,uncategorized,{"[-0.71614665,-0.06273746,-0.69512445]","[-0.60649866,-0.76007694,-0.23332909]","[-0.28071535,-0.91836995,-0.2789185]","[0.08326597,-0.9120982,-0.4014269]","[0.43266323,-0.7362871,-0.5202728]","[-0.59367484,-0.6977303,-0.40090224]","[-0.26201147,-0.9424115,0.2078715]","[0.61953735,-0.62733334,-0.47183296]","[0.07239921,-0.9846573,-0.15877138]","[0.96011865,-0.13811915,-0.2430953]","[-0.37080348,-0.7981069,-0.47490016]","[-0.8624778,-0.24933657,-0.44041267]","[-0.010608153,-0.57791364,-0.816029]","[0.9919217,-0.123117365,-0.030552056]","[-0.097669296,0.20944558,-0.97293025]","[0.97512335,-0.21608745,-0.049403626]","[0.098940514,0.7887655,-0.6066793]","[0.9725838,-0.1707166,0.15791345]","[0.8901159,-0.15982646,0.4267893]","[-0.013149699,-0.6112545,-0.79132485]","[0.9528717,0.12689097,-0.2755616]","[-0.28102213,0.33649606,-0.8987753]","[0.99383956,0.10492694,-0.035683025]","[0.021346267,0.9502921,-0.31062725]","[0.9529159,0.026280984,0.30209368]","[0.8584568,-0.0280302,0.51211935]","[0.11286379,-0.6774016,-0.7269036]","[0.88945895,0.2598314,-0.37596595]","[-0.6057029,0.36444688,-0.70732063]","[0.85075235,0.47208253,-0.23099472]","[-0.15098473,0.9861977,0.06795373]","[0.90934527,0.2940757,-0.2942968]","[0.89074826,0.11835076,-0.43881735]","[0.23315236,-0.5677047,-0.78952605]","[-0.53719044,-0.111290514,-0.83608663]","[-0.6232899,0.7651393,-0.161467]"}
45,uncategorized,{"[-0.3508252,0.003991811,-0.9364325]","[-0.40589336,-0.75119513,-0.5205348]","[-0.13768864,-0.8909484,-0.43272713]","[0.12095012,-0.93637806,-0.32949543]","[0.28601006,-0.9263916,-0.24494246]","[-0.45725527,-0.2784209,-0.84462976]","[-0.3005852,-0.9492242,-0.09285488]","[-0.6107447,-0.26127726,-0.7474792]","[-0.1069429,-0.99394476,0.025238242]","[-0.80631083,-0.08478514,-0.5853839]","[0.2889314,-0.944194,0.15816535]","[0.60521907,-0.7245821,0.32968277]","[-0.089191675,-0.9062636,-0.4131962]","[0.89338064,-0.11008149,0.43560654]","[0.9079049,0.0032271862,-0.41916376]","[0.94499844,-0.049562912,0.32329783]","[0.23196541,0.95927763,-0.16117857]","[0.870674,0.289107,0.39792445]","[0.7145431,0.4076528,0.5685485]","[0.18045957,-0.89269334,-0.41295636]","[0.897569,0.03842884,0.43919602]","[0.7123508,0.6020323,-0.36071247]","[0.85167366,0.09193134,0.51594627]","[-0.41371882,0.90641624,-0.085125186]","[0.7073859,-0.26206696,0.6564496]","[0.6610093,-0.37773207,0.6483712]","[0.28058094,-0.90289253,-0.32566765]","[0.83950937,0.21599108,0.49856988]","[0.891013,0.2637492,-0.3695026]","[0.21786378,0.7857258,0.578939]","[-0.5084939,0.859555,-0.05098149]","[0.16895321,0.6631271,0.72918946]","[0.34546298,0.5055047,0.7906455]","[0.16326022,-0.92956585,-0.33053508]","[0.9884164,0.052484382,-0.14240229]","[-0.40600127,0.91354924,0.024305172]"}
46,uncategorized,{"[-0.71816105,-0.46718243,0.5157376]","[-0.41293657,-0.78036326,-0.46959186]","[-0.09115185,-0.7871505,-0.60998803]","[0.19027413,-0.73854744,-0.64679474]","[0.3990411,-0.6472924,-0.649445]","[-0.542447,-0.81853974,-0.18906067]","[-0.023420928,-0.57345307,-0.81890357]","[0.3354484,-0.87442064,-0.35051802]","[0.25114426,-0.6566516,-0.71115065]","[0.8873295,-0.36196402,-0.28570682]","[0.62712103,-0.57387143,-0.526679]","[-0.19419053,0.4064257,0.89280915]","[0.17377774,-0.677022,0.7151521]","[0.9019127,-0.060497757,-0.42766052]","[0.18749486,0.38728788,0.9026925]","[0.98147804,0.18539105,0.048280496]","[0.013006537,0.5629498,0.8263888]","[0.9643675,0.26455602,-0.0023288252]","[0.8692321,0.3111259,-0.38423458]","[0.07759172,-0.26895484,0.96002233]","[0.97693086,0.17450133,-0.1231074]","[-0.0040821824,0.43669736,0.8995992]","[0.7877714,0.5949617,0.15948926]","[-0.17272064,0.83487344,0.5226413]","[0.8184361,0.55648255,0.1431416]","[0.85952365,0.4885241,-0.1502107]","[-0.113056555,0.015538179,0.99346703]","[0.93356276,0.35432234,-0.05400244]","[-0.07395826,0.36435843,0.92831737]","[0.91395867,0.39402807,-0.09706423]","[-0.24753287,0.960278,0.12881657]","[0.86647844,0.38785762,0.31429538]","[0.5815335,0.2232822,0.7822812]","[-0.14969273,0.027009474,0.98836356]","[-0.11798608,0.2650677,0.956984]","[-0.17606173,0.44449273,0.87831]"}
47,uncategorized,{"[0.5387337,-0.1313759,-0.83216965]","[0.18902282,-0.5722283,-0.7980132]","[-0.015371227,-0.69419575,-0.71962214]","[-0.20974445,-0.7662883,-0.6072969]","[-0.37561768,-0.7891589,-0.48594195]","[0.5133984,-0.3672412,-0.7756004]","[-0.19098684,-0.820444,-0.53888375]","[0.49303362,-0.5186676,-0.6984997]","[-0.30547807,-0.8794865,-0.36494744]","[0.64930266,-0.24221377,-0.72092897]","[-0.41682768,-0.86666024,-0.2741436]","[-0.529997,-0.8398037,-0.117613316]","[0.20839137,-0.7575851,-0.61857724]","[-0.7572613,-0.119925715,0.6420071]","[0.14333183,-0.77766705,-0.6121192]","[-0.71897477,-0.14886405,0.67890704]","[0.1483542,-0.8400682,-0.5218012]","[-0.6647167,-0.16544022,0.72854733]","[-0.6633139,-0.13434692,0.7361831]","[0.08816502,-0.8687556,-0.4873302]","[-0.6523399,0.11043209,0.7498383]","[0.058054447,-0.9153936,-0.39835185]","[-0.6330231,0.22386183,0.74105847]","[0.005246715,-0.9197793,-0.39240098]","[-0.71699077,0.3430026,0.6068554]","[-0.75710535,0.40816548,0.51009065]","[-0.026790123,-0.90824765,-0.41757455]","[-0.4988254,0.3472032,0.79411787]","[-0.043084275,-0.80438375,-0.5925458]","[-0.58089846,0.6370793,0.5066428]","[-0.03311837,-0.81487715,-0.5786868]","[-0.57961726,0.6753103,0.45606995]","[-0.58642095,0.67582506,0.4465097]","[-0.40395558,-0.73345387,-0.54668576]","[-0.43399036,-0.6354304,-0.6386553]","[-0.47248316,-0.69102275,-0.5470349]"}
48,uncategorized,{"[0.6719235,-0.46358636,0.57758677]","[0.55058354,-0.73254037,-0.40030286]","[0.15815654,-0.77198255,-0.61565363]","[-0.2799541,-0.68152577,-0.6761275]","[-0.5992369,-0.49954748,-0.62559366]","[0.5870223,-0.78302485,0.20561352]","[0.1377689,-0.49029097,-0.86060125]","[-0.411346,-0.8757636,0.25265118]","[-0.19892542,-0.609828,-0.7671626]","[-0.7481376,-0.5686344,0.34197238]","[-0.3393777,-0.5255571,-0.7801362]","[-0.08984297,-0.07581673,-0.993066]","[-0.23558149,-0.96528107,0.112844355]","[-0.92695546,0.06245332,-0.36993676]","[-0.37023434,0.0786096,0.9256063]","[-0.8143126,-0.13075422,-0.5655072]","[-0.05810079,0.4776623,0.87662023]","[-0.79958576,-0.033213288,-0.5996328]","[-0.8022144,0.01766386,-0.5967747]","[-0.22544526,-0.9653989,-0.1310702]","[-0.9725022,0.1466284,-0.18094082]","[-0.17240858,0.21290499,0.9617415]","[-0.94259155,0.33169043,-0.03876451]","[0.098452024,0.46965525,0.87734324]","[-0.8954343,0.424574,0.13391921]","[-0.9259523,0.3415959,0.16101097]","[-0.14764959,-0.9885842,-0.03001342]","[-0.95161384,0.30233485,-0.05499773]","[0.0142141385,0.20732933,0.97816795]","[-0.79457265,0.5931285,0.12981857]","[0.17466968,0.37824878,0.90907556]","[-0.80375165,0.5408627,-0.24789278]","[-0.7575928,0.45384064,-0.46912882]","[0.0447269,-0.99172044,0.12037477]","[0.1679731,0.1201871,0.9784376]","[0.22659698,0.39894882,0.88853455]"}
49,uncategorized,{"[-0.68038034,0.036887966,-0.73193026]","[-0.32526726,-0.62415725,-0.7103724]","[-0.22106905,-0.85208064,-0.47443336]","[-0.19790374,-0.96154493,-0.19043486]","[-0.23143043,-0.97104186,0.059310127]","[-0.78999436,-0.33954117,-0.51051027]","[0.44968632,-0.8931767,-0.0041996934]","[-0.35734716,-0.844232,-0.39946875]","[0.7593517,-0.6480695,-0.058232006]","[0.4123341,-0.9013063,-0.13276903]","[0.71889085,-0.6941922,-0.03596044]","[0.70363516,-0.707523,0.06564111]","[0.49886963,-0.65777284,-0.56432617]","[0.39983386,-0.20944199,0.8923379]","[-0.9886958,-0.00083896605,-0.14993301]","[-0.5256881,-0.3332223,0.7826972]","[-0.86747926,0.47969192,0.13181557]","[-0.61585385,-0.045961715,0.78651863]","[-0.31918627,-0.020575205,0.94746864]","[-0.056465052,-0.74861157,-0.6606]","[0.11343724,-0.18445617,0.97627246]","[-0.986126,0.14862376,0.07393561]","[-0.4884122,0.06019905,0.87053406]","[-0.46101996,0.57844156,0.6729532]","[-0.15945528,0.16727671,0.97292984]","[0.21746874,0.11835361,0.9688652]","[-0.367342,-0.6598511,-0.6554818]","[-0.14876887,-0.11041274,0.9826886]","[-0.97653025,0.21523644,0.007870994]","[-0.2518313,0.23989104,0.9375678]","[-0.2124664,0.670033,0.71127623]","[0.1604909,0.05233046,0.9856491]","[0.38419408,-0.103365414,0.9174478]","[-0.56847304,-0.59453315,-0.5686552]","[-0.97987366,0.118954755,-0.16030411]","[-0.18558949,0.89188707,0.41242447]"}
50,uncategorized,{"[0.499229,-0.12721847,-0.8570798]","[0.19012296,-0.564098,-0.80352145]","[0.00043448084,-0.68563116,-0.72794896]","[-0.19110519,-0.75990343,-0.6213096]","[-0.36147884,-0.78451526,-0.50385404]","[0.483567,-0.35888174,-0.7983526]","[-0.17699274,-0.83914286,-0.51430815]","[0.49910367,-0.4968967,-0.70992196]","[-0.28829587,-0.90955275,-0.29933143]","[0.6329421,-0.20024745,-0.74785376]","[-0.41155592,-0.8946071,-0.17406826]","[-0.5178465,-0.85544735,-0.0066925585]","[0.23549365,-0.76885283,-0.59448135]","[-0.731796,-0.10969544,0.67263776]","[0.18490295,-0.79363817,-0.57961136]","[-0.73327494,-0.14139226,0.66506845]","[0.17517218,-0.83873934,-0.51558805]","[-0.7267703,-0.17319891,0.6646857]","[-0.7439907,-0.14906065,0.6513515]","[0.085175976,-0.86902785,-0.48737627]","[-0.6394658,0.13054244,0.7576557]","[0.032995548,-0.8968718,-0.44105813]","[-0.6392036,0.22525759,0.73530793]","[-0.023304095,-0.89450145,-0.44645727]","[-0.79035676,0.3332741,0.51406664]","[-0.87685865,0.3655039,0.31229115]","[-0.03571494,-0.9021013,-0.43004385]","[-0.49115464,0.36768112,0.7896694]","[-0.09634268,-0.717907,-0.6894401]","[-0.5733193,0.6696936,0.47203332]","[-0.116703756,-0.7230314,-0.68088603]","[-0.5380327,0.7071633,0.45873836]","[-0.5229775,0.70697683,0.47610748]","[-0.38888085,-0.68621856,-0.614716]","[-0.37067172,-0.5624235,-0.7391091]","[-0.41666484,-0.6333657,-0.652103]"}
51,uncategorized,{"[-0.5076159,-0.17048614,-0.8445475]","[-0.36807358,-0.8526741,-0.37076768]","[-0.09751407,-0.87328625,-0.47734907]","[0.1285442,-0.7537777,-0.64443433]","[0.27557647,-0.5553842,-0.7846056]","[-0.61631155,-0.50133514,-0.60730815]","[0.060105026,-0.91076523,0.40852666]","[-0.56328404,-0.4675701,-0.68124104]","[0.3119851,-0.91330516,0.2617995]","[-0.56938666,-0.35663903,-0.7406804]","[0.47770792,-0.8741485,0.08751917]","[0.5874728,-0.80900145,0.019807868]","[-0.18126296,-0.6214694,-0.76218075]","[0.913144,-0.12036342,-0.3894621]","[-0.10368579,-0.44630927,-0.88885164]","[0.9774033,-0.21016324,0.022675797]","[-0.07275598,-0.4741147,-0.8774519]","[0.9627491,-0.26275337,0.06383419]","[0.951588,-0.29524216,0.08551265]","[-0.02525229,-0.79431623,-0.6069795]","[0.7133466,0.13808805,-0.6870723]","[-0.017610768,-0.5172226,-0.85566974]","[0.6572125,0.20816672,-0.7243883]","[-0.015445735,-0.5307614,-0.8473805]","[0.7311003,0.26840633,-0.6272562]","[0.7834762,0.29233378,-0.5483667]","[0.05340299,-0.6754035,-0.73551226]","[0.55128133,0.28345582,-0.7846921]","[0.030160846,-0.53357583,-0.84521425]","[0.61094576,0.48258385,-0.6275812]","[0.0012450018,-0.57856643,-0.8156343]","[0.7353694,0.65252376,-0.18287872]","[0.73208064,0.66014886,0.16811135]","[0.19813867,-0.5556268,-0.80747753]","[0.23214787,-0.72414166,-0.6494045]","[0.21973714,-0.7731729,-0.5949111]"}
52,uncategorized,{"[-0.62977356,-0.52143884,0.5757489]","[-0.29015443,-0.9522747,-0.09478069]","[0.09269583,-0.89908326,-0.42785138]","[0.4044169,-0.67025095,-0.6222625]","[0.5865929,-0.42434424,-0.6898121]","[0.044820376,-0.99883735,0.017749663]","[0.13517429,-0.79993445,-0.5846647]","[0.50953686,-0.82494295,-0.24462488]","[0.32725096,-0.6679556,-0.6683878]","[0.66724366,-0.7144487,-0.21059188]","[0.4298062,-0.47224185,-0.7695806]","[0.28175482,0.051040784,-0.9581279]","[0.42685664,-0.7975304,-0.42630818]","[0.7453621,0.06374409,-0.66360533]","[0.9771479,0.20913945,0.037983608]","[0.85718966,-0.056200996,-0.5119251]","[-0.1076428,0.8426271,0.52762926]","[0.9365276,0.019549584,-0.35004827]","[0.95881534,0.017871704,-0.28346735]","[0.5100006,-0.8062142,-0.2998634]","[0.7638218,0.21820284,-0.60742396]","[0.7022578,0.3787377,0.6028198]","[0.75833714,0.2546572,-0.600062]","[-0.3587793,0.68657935,0.6323656]","[0.852004,0.37074912,-0.36964068]","[0.9176249,0.3644282,-0.15860835]","[0.4950583,-0.82196754,-0.28157878]","[0.7600066,0.36246714,-0.5394512]","[0.34097534,0.3148703,0.8857723]","[0.5259732,0.7170717,-0.4573405]","[-0.28037927,0.5573559,0.78149974]","[0.47840464,0.71900207,-0.5041478]","[0.5691608,0.6669997,-0.4807987]","[0.33840084,-0.91691947,-0.21152668]","[0.20928526,0.20547566,0.95602274]","[-0.20137377,0.51262045,0.8346669]"}
53,uncategorized,{"[0.63323414,0.052732058,-0.7721618]","[0.8199816,-0.5045524,-0.2702907]","[0.63942176,-0.70847166,-0.29867664]","[0.36788923,-0.84433377,-0.38956133]","[-0.017163338,-0.86553586,-0.50055283]","[0.73982066,-0.457257,-0.49353966]","[0.6830547,-0.7148092,0.14994705]","[-0.5915872,-0.6177511,-0.51808125]","[0.49722767,-0.86241543,-0.09489059]","[-0.82463914,-0.39289623,-0.40694332]","[0.7899907,-0.5756989,-0.21091558]","[0.9819278,-0.13235794,-0.1352743]","[0.32537842,-0.61181766,-0.7209771]","[-0.95366883,-0.2928645,0.06889204]","[-0.17334628,0.2302798,-0.9575606]","[-0.8967272,-0.43508556,0.08112245]","[-0.5028967,0.72296816,-0.47372139]","[-0.944548,-0.25399163,0.20812804]","[-0.890274,-0.2143921,0.40180627]","[0.2863256,-0.68268925,-0.6722745]","[-0.981374,-0.12491259,-0.14595178]","[-0.2560216,0.48187584,-0.83800274]","[-0.9997703,-0.021313243,0.002263369]","[-0.31661367,0.91111153,-0.26387796]","[-0.9449162,-0.018493151,0.3267896]","[-0.85701466,-0.021861773,0.514828]","[0.21458173,-0.70933145,-0.6714191]","[-0.97004795,0.011054403,-0.24266183]","[-0.29976326,0.71917886,-0.6268363]","[-0.9252857,0.37679225,0.04328982]","[-0.28532267,0.9523324,0.10795408]","[-0.94803315,0.20839345,0.24042743]","[-0.9595196,0.017019968,0.28112704]","[0.23049115,-0.6599912,-0.7150423]","[0.05451605,0.67733055,-0.73365617]","[-0.2179254,0.9596619,0.17764439]"}
54,uncategorized,{"[-0.8179464,-0.51860523,-0.2490227]","[-0.14921823,-0.76666695,-0.62446433]","[0.060199235,-0.7207498,-0.6905764]","[0.22209592,-0.6311441,-0.74318945]","[0.347536,-0.512879,-0.7849674]","[-0.5241299,-0.64274216,-0.5587221]","[0.17870116,-0.7236141,-0.6666697]","[-0.55149853,-0.59452623,-0.5851392]","[0.2679378,-0.7624888,-0.5889144]","[-0.61402655,-0.19350234,-0.7651982]","[0.3842034,-0.77472126,-0.5021899]","[0.48253262,-0.80737257,-0.33957595]","[-0.17191182,-0.8472671,-0.5025782]","[0.8641835,-0.058538366,-0.49976012]","[-0.15497465,-0.87914073,-0.45066002]","[0.9377902,-0.1719695,-0.30162236]","[-0.11304373,-0.8759349,-0.46899807]","[0.8964718,-0.22145286,-0.38379288]","[0.87139136,-0.21744429,-0.43976703]","[-0.011187644,-0.91015714,-0.41411203]","[0.853213,0.3293476,-0.4044227]","[0.022404557,-0.83767754,-0.5457054]","[0.78463197,0.3969335,-0.47623155]","[0.07075215,-0.8001994,-0.595546]","[0.68288636,0.33895415,-0.64712924]","[0.6266338,0.32319987,-0.7091346]","[0.1805413,-0.7816654,-0.59699583]","[0.72702724,0.6205868,-0.29377443]","[0.143504,-0.6006222,-0.7865492]","[0.67295074,0.6968715,-0.24800688]","[0.14820804,-0.5902644,-0.7934874]","[0.64438766,0.76261985,0.056351647]","[0.62367034,0.7465277,0.23180121]","[0.48284295,-0.47520643,-0.73555523]","[0.49399975,-0.47710732,-0.7268651]","[0.5433252,-0.5476893,-0.6362658]"}
55,uncategorized,{"[0.48134375,-0.5192617,0.7061696]","[0.54389083,-0.8230382,0.16367908]","[0.43308026,-0.8943126,-0.1124566]","[0.22182633,-0.9033311,-0.36713216]","[-0.063229054,-0.8117268,-0.5806046]","[0.2051015,-0.9423826,0.26428849]","[0.42272183,-0.8259973,-0.37287357]","[-0.60875505,-0.79208475,0.044933993]","[-0.5560737,-0.6522729,-0.5150943]","[-0.95754,-0.28820127,0.007561302]","[-0.6373951,-0.12356152,-0.7605656]","[0.10094293,0.2510005,-0.96270937]","[-0.93392444,-0.35747048,0.00010523448]","[-0.44659707,-0.06984289,-0.8920051]","[-0.5577279,0.8300172,-0.00333419]","[-0.65330607,-0.039125927,-0.75608224]","[0.66572535,0.6846273,-0.29680836]","[-0.73396945,0.05363646,-0.67706126]","[-0.7436227,0.1771406,-0.6447065]","[-0.94578314,-0.31479508,0.07998954]","[-0.6733437,0.08198174,-0.7347702]","[-0.31164816,0.86169386,0.40044862]","[-0.6920149,0.21138026,-0.6902419]","[0.7188456,0.69449127,-0.030705452]","[-0.76245975,0.36552715,-0.533896]","[-0.75715387,0.33990228,-0.5578391]","[-0.94453275,-0.2836992,0.16544676]","[-0.76796436,0.18953975,-0.6118051]","[-0.13054734,0.76694494,0.62829363]","[-0.34664938,0.41503796,-0.8411764]","[0.84045625,0.5382035,0.063010186]","[-0.21202675,0.28954762,-0.9333846]","[-0.22741356,0.27474716,-0.9342361]","[-0.9813601,-0.19209173,0.005754238]","[0.044318832,0.90091,0.43173712]","[0.8565515,0.4894454,0.16359301]"}
